code,name,description
FITNESS,운동·건강,"헬스, 웨이트 트레이닝, 홈트레이닝, 맨몸운동, 요가, 필라테스, 러닝, 마라톤, 등산, 스트레칭, 체형 교정, 헬린이 운동 루틴"
FOOD,요리·푸드,"요리 레시피, 집밥, 자취 요리, 베이킹, 디저트 만들기, 도시락, 식단 관리 요리, 먹방, 맛집 리뷰, 편의점 음식"
GAME,게임,"게임 플레이, 게임 공략, 게임 리뷰, 신작 게임 소개, e스포츠, 롤, 배그, 모바일 게임, 인디 게임, 게임 방송, 겜방"
BEAUTY,뷰티,"메이크업, 화장품 리뷰, 스킨케어, 피부 관리, 헤어 스타일링, 네일아트, 퍼스널 컬러, 향수, 뷰티 꿀팁"
FASHION,패션,"코디, 데일리룩, 옷 추천, 하울, 스트릿 패션, 남자 패션, 여자 패션, 신발, 가방, 액세서리, 빈티지 쇼핑"
TRAVEL,여행,"국내 여행, 해외 여행, 여행 브이로그, 여행 코스 추천, 캠핑, 차박, 호캉스, 숙소 리뷰, 배낭여행, 현지 문화 체험"
MUSIC,음악,"노래 커버, 보컬, 작곡, 작사, 악기 연주, 기타, 피아노, 밴드, 힙합, 랩, 플레이리스트 추천, 댄스 커버"
PET,반려동물,"강아지, 고양이, 반려동물 일상, 펫 훈련, 반려동물 건강 관리, 펫 용품 리뷰, 유기동물 입양, 파충류, 햄스터"
TECH,테크·IT,"전자기기 리뷰, 스마트폰, 노트북, PC 조립, 가전 리뷰, IT 뉴스, 코딩, 개발, 앱 추천, 생산성 도구"
KNOWLEDGE,지식·교육,"공부법, 자기계발, 독서, 책 리뷰, 역사, 과학, 경제, 재테크, 투자 공부, 외국어 학습, 시사 해설, 강의"
