id,name,bio,events,subtopic,gold,written_by,note,declared
L001,덤벨깡,오늘도 한 세트만!💪,,헬린이 운동 루틴,FITNESS,synthetic-large,large:short_casual:plain,
L002,숨고챙,"운동 시작이 어려운 사람들한테 딱 맞는, 집에서 바로 따라 하는 초간단 루틴을 올려요. 무리 없이 습관 만드는 걸 제일 중요하게 봐요.",,홈트레이닝,FITNESS,synthetic-large,large:medium:plain,
L003,폼체크단,"초보 눈높이로 자세를 천천히 풀어 설명해요. 헷갈리는 동작은 사진처럼 쪼개서, 왜 그런 자세가 필요한지 함께 짚어줍니다. 기록용 메모도 꼭 남겨요.",,체형 교정,FITNESS,synthetic-large,large:long_polished:plain,
L004,러닝찐따,#러닝 #뛰자,,러닝 입문,FITNESS,synthetic-large,large:short_casual:plain,
L005,냠운동,운동 끝나고 먹는 한 끼까지 같이 챙겨요. 단백질 많은 메뉴와 간단한 식단 팁을 운동 루틴이랑 함께 소개합니다.,,운동식단,FITNESS|FOOD,synthetic-large,large:medium:cross,
L006,코어집중,"요가, 필라테스, 맨몸운동을 섞어 바쁜 사람도 따라 하기 쉽게 정리해요. 하루 15분만 투자해도 몸이 달라지는 과정을 차근차근 보여줍니다. 초보가 자주 틀리는 포인트는 느리게 다시 짚어드려요.",,코어 강화,FITNESS,synthetic-large,large:long_polished:plain,
L007,땀땀이,오늘도 땀 한 바가지💦,,웨이트 트레이닝,FITNESS,synthetic-large,large:short_casual:plain,
L008,산길메모,,등산 초보 장비 체크리스트 / 주말 산행 루트 추천,등산 준비물,FITNESS,synthetic-large,large:events_only:plain,
L009,스트레치온,아침저녁 굳은 몸을 풀어주는 스트레칭만 골라 보여줘요. 목·어깨·허리처럼 많이 뭉치는 부위 위주로 따라 하기 쉽게 안내합니다.,,전신 스트레칭,FITNESS,synthetic-large,large:medium:plain,
L010,마라톤노트,"장거리 달리기를 처음 시작하는 분들을 위해 페이스 조절, 호흡, 회복까지 단계별로 정리해요. 기록보다 완주를 목표로 하는 현실적인 팁을 꾸준히 전합니다.",,마라톤 초보,FITNESS,synthetic-large,large:long_polished:misdeclared,TRAVEL
L011,아령한잔,오늘도 헬스장 한 바퀴🏋️,,덤벨 기초 자세,FITNESS,synthetic-large,large:short_casual:plain,
L012,폴짝루틴,"운동을 막 시작한 분들께, 집에서 바로 따라 하는 15분 루틴과 자세 팁을 짧고 쉽게 정리해요. 너무 어렵지 않게, 매일 해도 부담 없는 흐름으로 알려드립니다.",,초보 전신 루틴,FITNESS,synthetic-large,large:medium:plain,
L013,매트공장,"처음 운동을 시작한 분들이 집에서 쉽게 따라 할 수 있는 맨몸·웨이트 기초 루틴을 소개해요. 동작 이름보다 왜 하는지, 어디가 느껴져야 하는지부터 차근차근 설명합니다. 영상은 짧게, 설명은 자세하게 구성해서 초보도 흐름을 놓치지 않게 돕습니다.",,초보 자세 감각,FITNESS,synthetic-large,large:long_polished:plain,
L014,땀로그,오늘도 한 세트 더💪 #헬스스타트,,헬스장 첫 방문 팁,FITNESS,synthetic-large,large:short_casual:plain,
L015,트레킹온,"운동 기록도 남기고, 주말엔 가벼운 여행도 챙겨요. 둘 중 하나만 고르기 어려운 사람들을 위해, 루틴과 풍경이 함께 남는 콘텐츠를 담습니다.",,운동 여행 브이로그,FITNESS|TRAVEL,synthetic-large,large:medium:cross,
L016,자세한번,"운동을 오래 쉬었다가 다시 시작한 분들을 위해, 관절 부담을 줄이는 재활식 루틴과 저강도 맨몸운동을 다뤄요. 매회 3동작 안팎으로 구성해 따라 하기 쉽고, 흔한 실수와 수정 포인트를 먼저 짚어줍니다. 집에서 조용히 할 수 있는 버전도 함께 올려서 혼자 운동하는 사람에게 특히 맞습니다.",,저강도 재시작 루틴,FITNESS,synthetic-large,large:long_polished:plain,
L017,헬짱메모,오늘도 자세보다 꾸준함!🔥 #운동습관,,운동 습관 만들기,FITNESS,synthetic-large,large:short_casual:plain,
L018,근력한줄,,하체 스쿼트 챌린지 / 7일 플랭크 리셋,주간 운동 챌린지,FITNESS,synthetic-large,large:events_only:plain,
L019,밸런스컵,"요가와 필라테스 중간쯤의 느낌으로, 몸의 균형을 찾는 스트레칭과 호흡 연습을 공유해요. 굳은 어깨와 골반을 풀어주는 10분 코스를 좋아하는 분들에게 잘 맞습니다.",,호흡 기반 밸런스,FITNESS,synthetic-large,large:medium:plain,
L020,버티는중,"운동을 오랫동안 쉬었다가 다시 시작한 분들에게 맞춘 현실적인 복귀 루틴을 다뤄요. 첫 주엔 무리하지 않는 방법부터, 둘째 주엔 집과 헬스장을 오가는 식의 분할 계획까지 차근차근 안내합니다. 초보가 헷갈리기 쉬운 세트 수, 쉬는 시간, 강도 조절도 함께 풀어서 설명합니다.",,복귀자 주간 분할,FITNESS,synthetic-large,large:long_polished:misdeclared,BEAUTY
L021,스쿼트쿵,스쿼트랑 하체 루틴만 쏙쏙 공유해요 💪,,하체 근력 루틴,FITNESS,synthetic-large,large:short_casual:plain,
L022,단백질노마드,운동 후 챙기기 쉬운 식단과 회복 습관을 같이 다뤄요. 초보도 부담 없이 따라 할 수 있게 짧고 실용적으로 정리합니다.,,운동 후 회복 식단,FITNESS,synthetic-large,large:medium:plain,
L023,플랭크별,"맨몸운동을 처음 시작하는 분들을 위해 집에서 바로 할 수 있는 동작들을 소개해요. 동작 순서, 쉬는 시간, 난이도 조절까지 같이 알려드립니다. 짧게 따라 하기 좋게 구성해요.",,맨몸운동 루틴,FITNESS,synthetic-large,large:long_polished:plain,
L024,요가링고,오늘도 매트 위에서 천천히 풀어보자 🧘‍♀️ #요가,,요가 호흡,FITNESS,synthetic-large,large:short_casual:plain,
L025,뷰티버프,"운동으로 체력 올리고, 뷰티 루틴으로 컨디션까지 챙겨요. 운동 직후 피부 진정과 데일리 케어를 함께 보여주는 균형형 콘텐츠를 만듭니다.",,운동 후 뷰티 루틴,FITNESS|BEAUTY,synthetic-large,large:medium:cross,
L026,코치하루,"헬스 초보가 헷갈리는 기구 사용법과 자세 포인트를 쉽게 풀어드려요. 하루 20분 기준으로 따라 하기 좋은 루틴을 짜서, 처음 운동하는 분도 부담 없이 시작할 수 있게 돕습니다. 설명은 짧고 실전은 확실하게 갑니다.",,헬스 기구 입문,FITNESS,synthetic-large,large:long_polished:plain,
L027,바디쏙쏙,오늘은 몸이 가벼워지는 스트레칭만 가볍게! #운동습관,,관절 가동성,FITNESS,synthetic-large,large:short_casual:plain,
L028,이벤트빈칸,,홈트 미션 7일 완주 / 하체 불태우기 챌린지,운동 챌린지,FITNESS,synthetic-large,large:events_only:plain,
L029,러버런,달리기 기록보다 러닝의 리듬을 먼저 챙기는 편이에요. 초보가 숨 덜 차게 뛰는 페이스 조절법과 러닝 전후 루틴을 함께 나눕니다.,,러닝 페이스 조절,FITNESS,synthetic-large,large:medium:plain,
L030,레스트업,"운동하는 직장인과 학생을 위해 짧고 현실적인 회복 콘텐츠를 만들어요. 스트레칭, 수면, 컨디션 관리까지 묶어서 루틴처럼 보여주고, 꾸준히 하기 쉬운 방법만 골라 전달합니다.",,회복 루틴,FITNESS,synthetic-large,large:long_polished:misdeclared,FOOD
L031,한그릇뚝딱밤,혼밥도 맛있게🍳 #자취요리,,초간단 자취 한그릇요리,FOOD,synthetic-large,large:short_casual:plain,
L032,오븐레시피소녀,"퇴근 후 20분, 집밥이 귀찮지 않게 바뀌는 레시피를 올려요. 재료는 흔하지만 결과는 늘 근사하게, 초보도 따라 하기 쉽게 설명합니다.",,초보자용 퇴근 후 집밥,FOOD,synthetic-large,large:medium:plain,
L033,다정한칼질연구소,"냉장고 속 재료를 보고 바로 메뉴를 정하는 사람들을 위한 채널이에요. 장보기 팁부터 조리 순서, 실패를 줄이는 포인트까지 단계별로 보여드립니다. 레시피를 읽는 대신 보며 따라 하고 싶은 분들에게 맞춰, 자막과 손동작을 천천히 맞춰요.",,냉장고 파먹기 레시피,FOOD,synthetic-large,large:long_polished:plain,
L034,달달구름베이크,오늘도 오븐 앞에서 달달하게 굽는 중🍰 #베이킹,,홈베이킹 초보 디저트,FOOD,synthetic-large,large:short_casual:plain,
L035,건강한한접시러너,"운동한 날엔 단백질, 쉬는 날엔 부담 적은 한 끼를 함께 고민해요. 식단 관리와 푸드 프렙을 같이 다루며, 맛과 컨디션을 둘 다 챙기는 방법을 소개합니다.",,운동병행 식단 관리,FOOD|FITNESS,synthetic-large,large:medium:cross,
L036,야근후국수왕,"야근하고 돌아온 사람도 금방 해 먹을 수 있는 요리를 모아요. 자극적이지만 덜 부담스럽게, 술안주와 야식 사이 어딘가를 잘 노립니다. 불 조절이 어렵거나 설거지가 많은 메뉴는 최대한 줄여서, 실전형 조리법만 남깁니다.",,야식·안주형 초간단 면요리,FOOD,synthetic-large,large:long_polished:plain,
L037,편의점먹로그,신상 뜨면 바로 뜯어봄😋 #편의점음식,,편의점 신상 간식 리뷰,FOOD,synthetic-large,large:short_casual:plain,
L038,먹는게제일재밌쥬,,편의점 한정판 대전 / 야식 조합 추천,푸드 챌린지·먹방,FOOD,synthetic-large,large:events_only:plain,
L039,오늘의집밥노트,"평범한 재료로도 식탁이 덜 지루해지는 집밥을 기록해요. 가족 반찬, 1인분 국물, 계절 밥상처럼 매일의 메뉴를 상황별로 나눠 보여드립니다.",,가정식 반찬·국물 요리,FOOD,synthetic-large,large:medium:plain,
L040,식탁위연구실,"레시피를 그대로 따라 하기보다 왜 그렇게 되는지 설명하는 요리를 해요. 계량, 온도, 식감 차이를 비교해 보며 집에서도 실패를 줄이는 방법을 알려드립니다. 처음 요리를 배우는 분이나 늘 같은 맛에서 벗어나고 싶은 분에게 특히 맞아요.",,조리 원리·실험 요리,FOOD,synthetic-large,large:long_polished:misdeclared,TRAVEL
L041,파스타한입쩝쩝,면치기 좋아하는 요리덕후🍝 #집밥 #파스타,,원팬 파스타,FOOD,synthetic-large,large:short_casual:plain,
L042,김치덮밥로그,냉장고 속 재료로 한 끼를 빠르게 끝내는 집밥 기록. 실패 적은 순한 맛 레시피를 위주로 소개해요.,,냉장고 재료 한식 덮밥,FOOD,synthetic-large,large:medium:plain,
L043,불조절달인,"오늘은 자취생도 따라 할 수 있게, 재료 손질부터 불 세기까지 차근차근 보여주는 집밥 영상만 올려요. 1인분 기준으로 딱 맞게 계산해서, 실패 포인트도 같이 짚어줍니다.",,불조절 중심 자취 집밥,FOOD,synthetic-large,large:long_polished:plain,
L044,스푼쏙간식,달달한 거 한 숟갈이면 기분 업🍮 #디저트,,냉동과일 간단 디저트,FOOD,synthetic-large,large:short_casual:plain,
L045,골목밥지도,여행 가면 맛집보다 시장과 동네식당을 먼저 찾는 편이에요. 지역 음식과 현지 한 끼를 먹고 바로 정리해 드립니다.,,시장·로컬 식당 탐방,FOOD|TRAVEL,synthetic-large,large:medium:cross,
L046,수저끝레시피,도마 위에서 오래 버티지 않게 만드는 초간단 반찬과 한 그릇 요리를 다룹니다. 요리 초보나 1인 가구가 바로 따라 할 수 있도록 계량과 순서를 최대한 단순하게 보여줘요. 오늘 장보기 기준으로 실전형 메뉴만 골라옵니다.,,1인 가구 실전 반찬,FOOD,synthetic-large,large:long_polished:plain,
L047,오이소박이팡팡,아삭한 맛에 진심🥒 오늘도 담가요 #절임반찬,,계절 채소 절임,FOOD,synthetic-large,large:short_casual:plain,
L048,편의점뚜껑열기,,편의점 신상 조합 연구 / 야간 편의점 한 끼 추천,편의점 조합 리뷰,FOOD,synthetic-large,large:events_only:plain,
L049,국물한사발,"뜨끈한 국물 한 그릇으로 하루를 정리하는 집밥 채널이에요. 멸치육수, 된장, 맑은탕처럼 기본 국물 요리를 차분한 톤으로 알려줍니다.",,기본 육수 국물 요리,FOOD,synthetic-large,large:medium:plain,
L050,도시락랩핑맨,"아침 10분 안에 싸는 도시락부터 회사 냉장고 보관 팁까지, 출근러를 위한 실전 도시락을 다룹니다. 반찬 조합과 포장 방식까지 보여줘서 따라 하기가 쉽습니다. 전자레인지 복귀용 메뉴도 함께 챙겨요.",,출근용 도시락 구성,FOOD,synthetic-large,large:long_polished:misdeclared,KNOWLEDGE
L051,냄비위의낙서,냄비 하나로 오늘도 대충 아닌 맛있게!🍳 #집밥 #요리기록,,냄비요리·간단 찜,FOOD,synthetic-large,large:short_casual:plain,
L052,소금달력,한 끼를 천천히 정리하는 집밥 기록자예요. 재료 적어도 맛은 꽉 채워요.,,저염 집밥·한식 한상,FOOD,synthetic-large,large:medium:plain,
L053,불맛메모장,"퇴근 후 20분 안에 완성되는 메뉴를 연구해요. 자취생도 따라 하기 쉬운 레시피를 사진과 짧은 팁으로 차근차근 풀어냅니다. 실패한 포인트까지 숨기지 않고 알려서, 처음 해보는 사람도 덜 헤매게 돕습니다. 오늘 냉장고에 있는 재료로 바로 해볼 수 있는 조합을 자주 소개해요.",,20분 퇴근후 집밥,FOOD,synthetic-large,large:long_polished:plain,
L054,단짠구름집,달고 짭짤한 맛 조합에 진심이에요🍯 #간식 #푸드스타일링,,단짠 조합 간식,FOOD,synthetic-large,large:short_casual:plain,
L055,레시피노트북,"요리만이 아니라 식재료 보관, 조리 순서, 도구 쓰임까지 함께 다뤄요. 집에서 바로 써먹는 생활 지식으로 초보자의 시행착오를 줄여주는 게 목표예요.",,식재료 보관·주방 상식,FOOD|KNOWLEDGE,synthetic-large,large:medium:cross,
L056,뚝딱찐팬,"밥 차리기 귀찮은 날을 위한 현실 요리 채널이에요. 3일치 장보기부터 한 끼 분량 분할, 남은 재료 소진법까지 묶어서 보여줘요. 장면은 짧고 설명은 또렷하게, 혼자 사는 사람도 그대로 따라 할 수 있게 구성합니다. 요리 초보가 실패를 줄이도록 계량과 시간도 꼼꼼히 적어요.",,주간 장보기·소진 요리,FOOD,synthetic-large,large:long_polished:plain,
L057,와구와구키친,"맛있게 먹는 순간도, 만들고 나누는 과정도 좋아해요 😋 #푸드",,가족식 탕·찌개,FOOD,synthetic-large,large:short_casual:plain,
L058,도마옆소리,,계절 채소 손질법 / 채소 오래 보관하는 법,채소 손질·보관 팁,FOOD,synthetic-large,large:events_only:plain,
L059,모락모락한상,따끈한 냄비 요리와 집에서 끓이는 작은 국물 메뉴를 다뤄요. 추운 날 혼밥하는 사람에게 든든한 한 그릇을 제안하는 스타일입니다.,,집에서 끓이는 국물요리,FOOD,synthetic-large,large:medium:plain,
L060,오븐옆새벽,"늦은 밤에도 부담 없는 베이킹과 디저트를 공유해요. 재료는 적게, 성공률은 높게 잡아서 처음 오븐을 켜는 사람도 덜 긴장하게 만듭니다. 반죽 상태, 굽는 온도, 식히는 시간까지 단계별로 짚어줘요. 선물용으로도 괜찮은 간단 디저트를 특히 자주 올립니다.",,초간단 오븐 디저트,FOOD,synthetic-large,large:long_polished:misdeclared,FITNESS
L061,픽셀냠냠,오늘도 겜 한 판!🎮,,인디 게임 첫인상,GAME,synthetic-large,large:short_casual:plain,
L062,루트파인더,"막히는 구간은 제가 먼저 파고듭니다. 공략이 필요한 순간, 짧고 정확하게 핵심만 짚어드려요.",,스토리형 퍼즐 공략,GAME,synthetic-large,large:medium:plain,
L063,체크포인트랩,"신작 공략부터 숨은 루트, 초보자 팁까지 차근차근 풀어내는 게임 채널입니다. 처음 접하는 분도 따라오기 쉽도록, 화면 기준 설명과 실전 예시를 함께 담아 드려요. 무작정 빠른 진행보다 왜 그렇게 해야 하는지까지 짚어주는 편이라, 공략을 보면서도 직접 깨는 재미를 놓치지 않게 도와줍니다.",,초보자용 보스 패턴 분석,GAME,synthetic-large,large:long_polished:plain,
L064,버프뽑기,이번 판도 버프 좀!✨,,모바일 가챠 리뷰,GAME,synthetic-large,large:short_casual:plain,
L065,코어온,"게임이랑 IT 둘 다 좋아해서, 신작 소개를 할 때는 플레이 감각과 하드웨어 궁합을 같이 봅니다. 프레임, 발열, 입력 지연처럼 체감되는 요소를 쉽게 풀어 말해드려요.",,게이밍 기기 실사용 비교,GAME|TECH,synthetic-large,large:medium:cross,
L066,헤드샷도토리,"대부분의 콘텐츠는 배틀로얄 실전 팁과 총기 감각, 상황 판단 훈련에 맞춰져 있습니다. 솔로 유저부터 스쿼드 입문자까지 따라 할 수 있게, 교전 전 위치 선정과 사운드 활용법을 천천히 설명해요. 짧은 클립으로는 한 장면씩 복기하고, 긴 영상에서는 한 판 전체 흐름을 같이 보며 실수 줄이는 법을 정리합니다.",,배틀로얄 교전 감각 훈련,GAME,synthetic-large,large:long_polished:plain,
L067,모험딸깍,가볍게 보고 가는 게임 이야기🎲,,턴제 전략 입문,GAME,synthetic-large,large:short_casual:plain,
L068,글리치문,,신작 인디 데모 탐방 / 숨은 명작 겜방 기록,인디 게임 데모 탐방,GAME,synthetic-large,large:events_only:plain,
L069,랭크업민트,"랭크 올리고 싶은 분들을 위해 패치 이후 메타, 라인전 기본기, 운영 실수를 묶어 정리합니다. 어려운 용어는 최대한 풀어서 설명하고, 따라 하기 쉬운 연습 루틴도 함께 제안해요.",,MOBA 메타 분석,GAME,synthetic-large,large:medium:plain,
L070,세이브로드,"스토리 중심 RPG와 오픈월드 탐험을 좋아하는 분들을 위한 채널입니다. 저는 직접 플레이하면서 놓치기 쉬운 선택지, 엔딩 분기, 수집 요소를 순서대로 정리해 드려요. 스포일러는 최소화하고, 막히는 구간은 지도와 예시 화면으로 천천히 풀어 설명하는 방식이라 초보자도 편하게 볼 수 있습니다.",,엔딩 분기 스포일러 최소화,GAME,synthetic-large,large:long_polished:misdeclared,MUSIC
L071,픽업패드,오늘도 한 판만…🎮 #게임방송,,실시간 액션 게임 플레이,GAME,synthetic-large,large:short_casual:plain,
L072,로그인버튼,패치 노트보다 빨리 체감하는 플레이를 좋아해요. 초보도 따라오기 쉽게 핵심만 짚습니다.,,실전 조작 팁,GAME,synthetic-large,large:medium:plain,
L073,탄띠한입,"신작 장르가 나오면 직접 오래 굴려보고, 재미 포인트와 아쉬운 점을 솔직하게 정리합니다. 입문자와 복귀 유저가 헷갈리지 않도록 난이도, 진입 장벽, 플레이 템포까지 같이 봐요.",,신작 게임 체험 리뷰,GAME,synthetic-large,large:long_polished:plain,
L074,미니맵호랑이,#겜방 #오늘도접속,,클립형 하이라이트 편집,GAME,synthetic-large,large:short_casual:plain,
L075,비트퀘스트,"게임과 음악 둘 다 진심이에요. 플레이 중 느낀 분위기를 사운드와 함께 풀어내고, 플레이리스트 추천도 곁들입니다.",,게임 OST 감상과 추천,GAME|MUSIC,synthetic-large,large:medium:cross,
L076,한타노트,"랭크 구간별로 자주 막히는 지점을 모아, 어떤 상황에서 어떤 선택이 나은지 사례 중심으로 설명합니다. 혼자 연습하는 분도 팀원과 맞춰 가는 분도 바로 써먹을 수 있게, 짧은 예시와 체크리스트를 함께 제공합니다.",,팀파이트 의사결정 분석,GAME,synthetic-large,large:long_polished:plain,
L077,키보드구름,느낌 오는 게임만 골라요✨ #게임추천,,감성 게임 추천,GAME,synthetic-large,large:short_casual:plain,
L078,퀘스트우체통,,인디 게임 체험회 / 개발자 Q&A 라이브,인디 게임 행사 소식,GAME,synthetic-large,large:events_only:plain,
L079,드랍샷제로,"이기는 장면보다 왜 졌는지를 먼저 봅니다. 경기 리플레이를 바탕으로 포지션, 교전 타이밍, 운영 실수를 차근차근 풀어드려요.",,프로 경기 리플레이 해설,GAME,synthetic-large,large:medium:plain,
L080,컨트롤소나,"스토리형 RPG를 좋아하는 분들에게, 선택지 영향과 성장 루트를 덜 헤매게 정리해 드립니다. 전투보다 흐름이 중요한 유저를 위해, 스포일러는 줄이고 진행 팁은 선명하게 전해요. 서브 퀘스트와 엔딩 조건도 깔끔하게 묶어드립니다.",,서브퀘스트 진행 가이드,GAME,synthetic-large,large:long_polished:misdeclared,KNOWLEDGE
L081,맵고양이,"오늘도 게임 한 판, 텐션은 풀충전😺#겜방",,캐주얼 게임 방송,GAME,synthetic-large,large:short_casual:plain,
L082,오버큐브,"신작과 업데이트를 빠르게 훑고, 핵심만 골라 소개합니다. 과장 없이 필요한 정보만 담아 처음 보는 분도 쉽게 따라오게 해요.",,신작 게임 초점 소개,GAME,synthetic-large,large:medium:plain,
L083,로드세터,"RPG 공략을 좋아하는 분들을 위해 퀘스트 동선, 장비 세팅, 보스 패턴을 차근차근 정리해요. 영상은 초보도 바로 따라 할 수 있게 단계별로 구성합니다. 댓글로 남긴 막히는 구간도 가능한 한 직접 확인해 설명해 드립니다.",,RPG 퀘스트 동선 가이드,GAME,synthetic-large,large:long_polished:plain,
L084,핵펀치쭈,오늘도 한타 한 번에 심장 쿵💥#롤,,리그 오브 레전드 한타,GAME,synthetic-large,large:short_casual:plain,
L085,교양콘솔,"게임 시스템을 소개하면서 그 안에 숨은 원리와 용어도 같이 풀어줍니다. 플레이와 지식을 반반으로 다뤄서, 즐기면서 배우고 싶은 분에게 잘 맞아요.",,게임 시스템 교양 해설,GAME|KNOWLEDGE,synthetic-large,large:medium:cross,
L086,탄막공책,"슈팅 게임을 처음 접하는 분에게는 조작법부터 패턴 읽는 법까지, 익숙한 분에게는 점수 올리는 루트와 위험 구간을 중심으로 보여줘요. 실전 플레이를 짧게 자르고, 실수한 장면은 왜 그런지 바로 되짚습니다. 한 판을 더 잘하고 싶은 사람에게 도움이 되는 방식으로 천천히 쌓아갑니다.",,탄막 슈팅 생존 루트,GAME,synthetic-large,large:long_polished:plain,
L087,핑크패치,모바일 게임은 가볍게 시작했다가도 은근 깊죠📱#모바일겜,,모바일 게임 데일리 플레이,GAME,synthetic-large,large:short_casual:plain,
L088,이벤트펭귄,,길드 레이드 주말 토너먼트 / 시즌 오픈 기념 듀오 매치,온라인 게임 커뮤니티 이벤트,GAME,synthetic-large,large:events_only:plain,
L089,리플레이상자,경기 리플레이를 보면서 승부가 갈린 순간과 작은 선택의 차이를 짚어줍니다. e스포츠를 보는 재미를 더 깊게 느끼고 싶은 분에게 맞는 분석형 채널이에요.,,e스포츠 리플레이 분석,GAME,synthetic-large,large:medium:plain,
L090,픽셀트레일,"인디 게임의 세계관, 조작감, 전달 방식까지 하나씩 짚어보며 플레이합니다. 특히 스토리와 분위기를 중시하는 유저에게 맞춰, 직접 해보는 느낌으로 차분하게 소개해요. 짧은 감상보다 왜 재미있었는지, 어떤 사람에게 맞는지까지 구체적으로 전합니다.",,인디 게임 분위기 해설,GAME,synthetic-large,large:long_polished:misdeclared,TECH
L091,립밤냥,오늘도 촉촉템만 찾는 중✨ #뷰티로그,,립밤·보습,BEAUTY,synthetic-large,large:short_casual:plain,
L092,세럼도감,"민감성 피부 기준으로 성분을 먼저 보고, 쓰기 편한 제품만 고릅니다. 매일 루틴에 얹기 쉬운 스킨케어 위주로 기록해요.",,민감성 스킨케어,BEAUTY,synthetic-large,large:medium:plain,
L093,광채노트,"저는 아침 광채 메이크업부터 야간 케어까지, 한 루틴 안에서 이어지는 뷰티 팁을 다뤄요. 피부 타입별로 맞는 순서를 정리해 초보도 따라 하기 쉽게 풀어냅니다. 제품 성분과 발림감, 지속력까지 함께 비교해 실사용 기준으로 소개합니다.",,아침 광채 메이크업,BEAUTY,synthetic-large,large:long_polished:plain,
L094,속쌩이,피부 진정템만 보면 못 지나가요💚 #진정케어,,피부 진정,BEAUTY,synthetic-large,large:short_casual:plain,
L095,투웨이무드,"뷰티와 패션을 반반씩 다루며, 오늘의 메이크업이 옷 분위기와 어떻게 맞물리는지 보여줍니다. 데일리룩에 어울리는 컬러 조합과 아이템 선택을 함께 제안해요.",,메이크업-룩 매칭,BEAUTY|FASHION,synthetic-large,large:medium:cross,
L096,드립블룸,"저는 쿨톤·웜톤보다 실제 생활에서 쓸 수 있는 퍼스널 컬러 활용법을 정리합니다. 직장인과 학생처럼 매일 옷차림이 바뀌는 분들을 위해, 실패 적은 립과 치크 조합을 사진 중심으로 비교해요. 또 조명에 따라 달라지는 색감도 함께 보여줘서 구매 전에 감을 잡기 쉽게 합니다.",,퍼스널 컬러 실전,BEAUTY,synthetic-large,large:long_polished:plain,
L097,네일한칸,오늘 손끝 분위기 바꾸는 중💅 #네일아트,,미니멀 네일,BEAUTY,synthetic-large,large:short_casual:plain,
L098,향수서랍,,봄 향수 샘플링 데이 / 나만의 시그니처 향 찾기,니치 향수,BEAUTY,synthetic-large,large:events_only:plain,
L099,헤어픽스,"저는 출근 전 10분 안에 끝나는 헤어 스타일링을 중심으로, 누구나 따라 할 수 있는 방법만 골라 소개합니다. 곱슬·직모처럼 모발 상태별로 필요한 도구와 고정 팁을 나눠 설명해요.",,출근 전 헤어,BEAUTY,synthetic-large,large:medium:plain,
L100,쿠션집,"쿠션 파운데이션, 컨실러, 파우더를 한 번에 비교하며 피부 표현 차이를 세심하게 보여줍니다. 특히 지성 피부와 모공 고민이 있는 분들께 맞는 조합을 찾아, 지속력 테스트와 수정 메이크업 팁까지 함께 전해요. 리뷰는 짧고 명확하게, 사진은 최대한 실제처럼 담는 방식으로 운영합니다.",,베이스 메이크업,BEAUTY,synthetic-large,large:long_polished:misdeclared,FITNESS
L101,틴트콩,오늘 틴트 뭐 바르지?💄,,틴트 발색,BEAUTY,synthetic-large,large:short_casual:plain,
L102,브로우일기,눈썹 하나로 인상이 달라진다는 걸 믿는 사람입니다. 초보도 따라 하기 쉬운 브로우 정리와 도구 비교를 차근차근 나눕니다.,,브로우 정리,BEAUTY,synthetic-large,large:medium:plain,
L103,글로우레일,"저는 피부 표현을 좋아하는 뷰티 크리에이터예요. 제품 성분보다 실제 발림과 지속력을 먼저 보고, 데일리 톤업 팁을 짧고 솔직하게 전합니다. 화장 초보도 부담 없이 따라 할 수 있게 손쉬운 순서로 설명해요.",,데일리 톤업,BEAUTY,synthetic-large,large:long_polished:plain,
L104,파우더링,오늘도 뽀송하게✨ #피지관리,,피지 관리,BEAUTY,synthetic-large,large:short_casual:plain,
L105,런앤루틴,"운동할 때는 땀에 강한 뷰티 루틴을, 쉬는 날에는 회복과 컨디션 관리를 함께 다룹니다. 몸 관리와 메이크업 유지력을 같이 챙기고 싶은 분께 맞는 채널이에요.",,운동 후 메이크업 유지,BEAUTY|FITNESS,synthetic-large,large:medium:cross,
L106,브러시타임,"메이크업 브러시 세척부터 보관, 모양별 사용법까지 꼼꼼히 다룹니다. 제품 추천보다 도구를 오래 쓰는 습관을 알려줘서, 집에서 메이크업 퀄리티를 올리고 싶은 분들에게 유용해요. 초보도 헷갈리지 않게 사진과 단계별 설명을 붙입니다.",,브러시 관리,BEAUTY,synthetic-large,large:long_polished:plain,
L107,쌩얼공방,쌩얼도 괜찮아지게 만드는 팁 모음🧴 #기초케어,,기초 케어,BEAUTY,synthetic-large,large:short_casual:plain,
L108,네온팟,,글리터 야간 메이크업 체험 / 파티룩 네일 컬러 데이,글리터 메이크업,BEAUTY,synthetic-large,large:events_only:plain,
L109,톤업달,"톤업 크림과 선크림의 궁합을 테스트하고, 화사해 보이는 조합을 찾는 콘텐츠를 올립니다. 자연스러운 톤 보정을 원하는 직장인과 학생들에게 맞춘 실사용 위주 리뷰가 중심이에요.",,톤업 크림 조합,BEAUTY,synthetic-large,large:medium:plain,
L110,헤어루미,"헤어 스타일링 중에서도 앞머리와 잔머리 정리에 집중해, 얼굴형별로 다른 분위기를 만드는 법을 소개합니다. 시간 없는 아침에도 따라 하기 쉬운 도구 선택과 고정 팁을 실전처럼 보여드려요.",,앞머리 연출,BEAUTY,synthetic-large,large:long_polished:misdeclared,KNOWLEDGE
L111,도트립,립 컬러만 보면 못 참아🎨 #메이크업덕후,,립 메이크업,BEAUTY,synthetic-large,large:short_casual:plain,
L112,클린베일,"장벽을 해치지 않는 뷰티 습관과 성분 읽는 법을 함께 나눠요. 초보도 이해하기 쉽게, 매일 쓰는 제품 위주로 정리합니다.",,화장품 성분 분석,BEAUTY,synthetic-large,large:medium:plain,
L113,블렌딩룸,"메이크업을 어렵게 느끼는 분들에게 색 조합과 순서를 차근차근 알려드려요. 도구 선택부터 마무리까지, 따라 하기 쉬운 방식으로 실전 팁을 전합니다.",,메이크업 단계별 가이드,BEAUTY,synthetic-large,large:long_polished:plain,
L114,스킨톡톡,오늘도 촉촉하게 가볼까? ✨ #뷰티루틴,,수분 케어,BEAUTY,synthetic-large,large:short_casual:plain,
L115,톤클래스,"퍼스널 컬러와 스타일링을 나란히 다루며, 왜 어울리는지까지 설명합니다. 예쁜 결과만 보여주기보다 근거 있는 선택법을 알려드려요.",,퍼스널 컬러 이론,BEAUTY|KNOWLEDGE,synthetic-large,large:medium:cross,
L116,헤어캔버스,"머리숱, 모질, 얼굴형이 다른 분들을 위해 집에서 가능한 헤어 스타일링을 소개해요. 드라이, 고데기, 묶음머리까지 상황별로 나눠 짧게 따라 하게 만듭니다.",,집에서 하는 헤어 스타일링,BEAUTY,synthetic-large,large:long_polished:plain,
L117,네이븐,손끝에 포인트 하나만 얹어도 기분이 달라져요💅 #셀프네일,,파츠 네일,BEAUTY,synthetic-large,large:short_casual:plain,
L118,이벤트 제목 1 / 이벤트 제목 2,,봄맞이 뷰티 샘플박스 / 피부톤 진단 클래스,뷰티 이벤트,BEAUTY,synthetic-large,large:events_only:plain,
L119,향기지도,"향수는 향만이 아니라 계절, 무드, 지속력까지 함께 봐야 재미있어요. 데일리 향부터 선물용 향까지 상황별로 골라드립니다.",,향수 추천,BEAUTY,synthetic-large,large:medium:plain,
L120,브러쉬로그,"브러시 사용법과 위생 관리, 그리고 브러시별 결과 차이를 비교해요. 화장품을 잘 쓰고 싶은 초보 메이크업 입문자에게 필요한 정보를 사진과 팁으로 자세히 전달합니다.",,메이크업 브러시 활용,BEAUTY,synthetic-large,large:long_polished:misdeclared,FASHION
L121,룩찜이,오늘 뭐 입지? 고민 끝✨,,데일리룩 코디,FASHION,synthetic-large,large:short_casual:plain,
L122,빈티지무드,빈티지 가게를 돌며 발견한 한 벌의 매력을 기록합니다. 낡은 옷도 새롭게 보이게 만드는 코디 팁을 차분하게 전해요.,,빈티지 쇼핑,FASHION,synthetic-large,large:medium:plain,
L123,핏로그민,"출근룩부터 주말룩까지, 체형별로 달라지는 코디를 자세히 풀어내요. 상의·하의 비율, 신발 선택, 가방 매치까지 한 번에 정리해 직장인과 대학생 모두 참고하기 좋게 보여줍니다.",,체형별 코디,FASHION,synthetic-large,large:long_polished:plain,
L124,스니커쥬,신발이 룩의 분위기를 바꾸는 순간을 좋아해요👟 #슈즈덕,,스니커즈,FASHION,synthetic-large,large:short_casual:plain,
L125,블러쉬앤핏,"패션과 뷰티를 반반씩 다룹니다. 옷 색감과 립·블러셔 톤을 맞춰, 데일리 스타일이 더 자연스럽게 살아나는 조합을 소개해요.",,패션-메이크업 톤매치,FASHION|BEAUTY,synthetic-large,large:medium:cross,
L126,오버핏연구소,"오버사이즈 실루엣을 즐기는 사람들을 위한 코디를 공유합니다. 남녀공용 아우터, 레이어드, 하의 밸런스를 중심으로 키가 작아도 답답해 보이지 않는 방법을 자세히 설명해요.",,오버핏 레이어드,FASHION,synthetic-large,large:long_polished:plain,
L127,가방수집가,가볍게 드는 미니백부터 수납 좋은 토트백까지 가방만 쏙 골라 보여줘요👜 #가방추천,,미니백,FASHION,synthetic-large,large:short_casual:plain,
L128,스트릿밤길,,야간 스트릿룩 촬영회 / 올블랙 코디 챌린지,스트릿 패션,FASHION,synthetic-large,large:events_only:plain,
L129,남핏연구원,"남자들이 바로 따라 입기 쉬운 실용 코디를 위주로 다룹니다. 재킷, 팬츠, 신발의 조합을 계절별로 비교하고, 체형과 분위기에 맞는 선택 기준도 함께 알려드려요.",,남성 캐주얼,FASHION,synthetic-large,large:medium:plain,
L130,소라테일,계절이 바뀔 때마다 옷장 정리와 쇼핑 기준을 함께 짚어봅니다. 20대 초중반 여성이 실패 없이 데일리룩을 고를 수 있도록 가격대별 추천과 실착 느낌을 솔직하게 전해요. 신발과 액세서리까지 연결해 전체 분위기를 완성하는 방법도 담습니다.,,여성 데일리룩,FASHION,synthetic-large,large:long_polished:misdeclared,TRAVEL
L131,코디콕이,오늘 뭐 입지? 코디만 쏙쏙✨,,데일리 코디,FASHION,synthetic-large,large:short_casual:plain,
L132,옷장온도,"출근룩부터 주말룩까지, 옷장 속 아이템을 쉽게 섞어 입는 법을 소개해요. 키작·통통 등 체형 고민이 있는 분도 부담 없이 따라할 수 있게 실용적으로 정리합니다.",,실용 코디,FASHION,synthetic-large,large:medium:plain,
L133,핏온디,매일 입는 기본템을 중심으로 계절별 스타일링을 보여주는 채널입니다. 20~30대 직장인과 학생이 바로 따라 입을 수 있도록 조합 이유와 실수 줄이는 팁을 함께 전해요.,,기본템 스타일링,FASHION,synthetic-large,large:long_polished:plain,
L134,신발한끗,오늘은 신발로 분위기 바꿔볼까?👟 #패션,,슈즈 포인트,FASHION,synthetic-large,large:short_casual:plain,
L135,트래블룩메이트,"여행지에서 편한 패션과 사진이 잘 받는 코디를 함께 다뤄요. 도시 여행과 휴양지 여행에 맞는 옷 고르기, 짐을 줄이는 팁도 같이 소개합니다.",,여행 코디,FASHION|TRAVEL,synthetic-large,large:medium:cross,
L136,옷잘알수첩,옷장에 있는 아이템을 활용해 계절별 코디를 짜는 방법을 알려드립니다. 대학생과 직장인처럼 바쁜 사람도 쉽게 따라 하도록 상황별로 나눠 설명해요. 유행을 무리하게 좇기보다 오래 입는 조합을 중심으로 정리합니다.,,계절 코디,FASHION,synthetic-large,large:long_polished:plain,
L137,액세서리노트,"반지, 목걸이, 시계처럼 작은 포인트로 룩을 살리는 법을 올려요. 심플한 옷을 자주 입는 분들에게 특히 잘 맞는 채널입니다 💫",,액세서리 매치,FASHION,synthetic-large,large:short_casual:plain,
L138,헴라인데이,,헴라인 실루엣 쇼룸 / 시즌별 소품 스타일링 클래스,스커트·실루엣,FASHION,synthetic-large,large:events_only:plain,
L139,무드핏코드,"편하게 입는 옷도 분위기 있게 보이도록, 색 조합과 소재 선택을 중심으로 소개합니다. 옷을 많이 사지 않아도 스타일이 살아나는 방법을 찾는 분께 맞아요.",,무드 스타일링,FASHION,synthetic-large,large:medium:plain,
L140,빈박스스타일,"패션 초보도 옷 고르기 쉬워지도록 코디 기준을 하나씩 풀어드립니다. 상의, 하의, 아우터를 따로 보지 않고 전체 균형을 맞추는 방법을 자주 다뤄요. 가성비 아이템 추천과 실패 적은 쇼핑 팁도 함께 전합니다.",,가성비 쇼핑,FASHION,synthetic-large,large:long_polished:misdeclared,MUSIC
L141,태그믹스,오늘 뭐 입지? #코디메모 🧢,,데일리 코디 메모,FASHION,synthetic-large,large:short_casual:plain,
L142,실루엣랩소디,"출근룩부터 주말룩까지, 실루엣 중심으로 옷 고르는 법을 쉽게 풀어줘요. 기본템 조합과 실패 적은 컬러 매치도 함께 다룹니다.",,실루엣 중심 컬러 매치,FASHION,synthetic-large,large:medium:plain,
L143,옷장지도,"옷장 속 애매한 아이템을 어떻게 살릴지 매일 정리해요. 20대 직장인과 대학생이 바로 따라 입을 수 있게, 상황별 코디를 짧고 명확하게 보여줍니다. 계절감 있는 소재와 길이감까지 같이 짚어요.",,옷장 속 애매템 활용 코디,FASHION,synthetic-large,large:long_polished:plain,
L144,컬러훅,색 조합만 잘해도 룩이 살아나잖아✨ #패션 #데일리,,컬러 조합 스타일링,FASHION,synthetic-large,large:short_casual:plain,
L145,비트앤핏,"오늘은 패션, 다음은 음악. 무드에 맞는 착장 추천과 플레이리스트를 함께 묶어 보여줘요.",,패션-음악 무드 큐레이션,FASHION|MUSIC,synthetic-large,large:medium:cross,
L146,슬리브가이드,"셔츠, 재킷, 아우터 소매 길이와 핏 차이를 비교해 설명하고, 체형별로 어울리는 비율을 정리해요. 구매 전 체크 포인트를 짧은 영상과 캡션으로 전달해 초보자도 고르기 쉽게 돕습니다. 특히 실패 없는 첫 투자템을 찾는 분들께 맞춰 실용적으로 안내해요.",,소매 길이·비율 가이드,FASHION,synthetic-large,large:long_polished:plain,
L147,새벽옷장,새벽에 보면 더 사고 싶은 옷들만 모아둔 느낌🌙 #쇼핑,,나이트 무드 쇼핑 큐레이션,FASHION,synthetic-large,large:short_casual:plain,
L148,룩온더로드,,캠퍼스룩 챌린지 / 주말 산책룩 카드뉴스,캠퍼스·산책룩 테마 이벤트,FASHION,synthetic-large,large:events_only:plain,
L149,하이브리드무드,"빈티지와 새 옷을 섞는 재미를 좋아해서, 한 벌 안에 오래된 것과 새로운 것을 같이 코디해요. 사진 위주보다 설명을 덧붙여 비슷한 취향의 사람들도 쉽게 따라 할 수 있게 구성합니다.",,빈티지+뉴아이템 믹스매치,FASHION,synthetic-large,large:medium:plain,
L150,포켓레벨,"주머니가 예쁜 옷, 지퍼 배치가 좋은 가방처럼 디테일 중심으로 봐요. 매일 입는 옷도 작은 포인트 하나로 달라진다는 걸 편하게 보여줍니다. 남녀 모두 참고할 수 있는 심플한 스타일 위주예요.",,포켓·지퍼 디테일 패션,FASHION,synthetic-large,large:long_polished:misdeclared,BEAUTY
L151,포켓트립,가볍게 떠나는 국내여행 기록러 ✈️,,국내 당일치기 코스,TRAVEL,synthetic-large,large:short_casual:plain,
L152,해변로그인,"해외 골목과 바다 풍경을 담아, 여행 초보도 따라가기 쉬운 코스를 소개해요. 사진보다 동선이 편한 곳을 좋아합니다.",,해외 소도시 산책,TRAVEL,synthetic-large,large:medium:plain,
L153,코너픽,"여행지에서 직접 걸어보고 먹어본 코스로, 이동 동선까지 한 번에 정리해 드려요. 주말 여행자와 혼행러에게 특히 맞는 실전형 브이로그를 만듭니다.",,도보 여행 동선 정리,TRAVEL,synthetic-large,large:long_polished:plain,
L154,야간비행쭈,✈️ 야경 보러 또 떠남! #여행기록,,야경 명소 탐방,TRAVEL,synthetic-large,large:short_casual:plain,
L155,식탁겸길,"여행지는 먹는 즐거움이 반, 가는 즐거움이 반이죠. 지역 식재료로 만든 한 끼와 그 동네의 골목 풍경을 함께 담아, 먹방과 여행을 균형 있게 보여줍니다.",,로컬 맛집과 시장,TRAVEL|FOOD,synthetic-large,large:medium:cross,
L156,오프로드리,"캠핑장부터 차박지까지, 실제 하룻밤 기준으로 준비물과 장단점을 꼼꼼히 보여줘요. 장비보다 경험이 먼저인 분들, 그리고 첫 차박을 준비하는 분들에게 도움이 되는 콘텐츠를 만듭니다.",,초보 차박 가이드,TRAVEL,synthetic-large,large:long_polished:plain,
L157,구름호수,주말엔 늘 어디론가 떠나는 편이에요. 복잡한 계획 없이도 쉬어갈 수 있는 여행지와 숙소를 가볍게 추천합니다 ☁️,,호캉스 휴식 코스,TRAVEL,synthetic-large,large:short_casual:plain,
L158,빈티지패스,,유럽 골목 배낭여행 지도 / 게스트하우스 추천 리스트,배낭여행 숙소 정보,TRAVEL,synthetic-large,large:events_only:plain,
L159,골목가이드,"한 도시를 처음 가는 사람을 위해, 대중교통으로 움직이는 동선만 골라 안내합니다. 주요 관광지만이 아니라 현지 시장과 생활 골목까지 묶어, 하루 일정으로 따라가기 쉽게 구성해요.",,현지 시장 체험,TRAVEL,synthetic-large,large:medium:plain,
L160,트래블스푼,"여행 브이로그에 지도, 예산, 맛집 메모까지 한 번에 정리해요. 혼자 떠나는 사람도 보고 바로 따라 할 수 있게, 촬영한 길 그대로 설명하는 실전형 여행 콘텐츠를 지향합니다.",,혼행 예산 코스,TRAVEL,synthetic-large,large:long_polished:misdeclared,FITNESS
L161,산책비행,가볍게 훑는 여행 메모✈️ #국내감성,,계절별 산길 산책,TRAVEL,synthetic-large,large:short_casual:plain,
L162,지도밖커피,"도시보다 골목이 더 재밌는 여행자예요. 낯선 동네를 걷고, 쉬고, 먹는 작은 코스를 천천히 기록합니다.",,동네 카페 중심 반나절 여행,TRAVEL,synthetic-large,large:medium:plain,
L163,행선지노트,"주말마다 직접 돌아본 여행 코스를 정리해요. 숙소, 이동, 소요시간까지 담아 처음 가는 분도 따라가기 쉽게 풀어냅니다. 무리 없는 일정과 사진 포인트를 함께 알려드려요.",,1박2일 가족 여행 동선,TRAVEL,synthetic-large,large:long_polished:plain,
L164,바람째깍,짧게 떠나고 길게 남기는 여행🌿 #풍경수집,,새벽 기차 여행,TRAVEL,synthetic-large,large:short_casual:plain,
L165,러너트립온,"러닝 기록과 여행 기록을 반반씩 올립니다. 달리기 좋은 공원, 여행지 산책 코스, 회복 루틴까지 같이 챙기는 운동 여행러예요.",,여행지 러닝 코스,TRAVEL|FITNESS,synthetic-large,large:medium:cross,
L166,머물고싶다,"숙소에서의 시간이 여행의 반이라고 믿어요. 직접 묵어본 곳만 골라 조용한 객실 분위기, 주변 산책, 체크인 팁을 자세히 적습니다. 혼자 쉬는 분과 커플 여행자 모두 참고하기 좋게 후기형으로 풀어요.",,조용한 숙소 후기,TRAVEL,synthetic-large,large:long_polished:plain,
L167,파도한모금,바다 냄새 나는 곳이면 어디든 좋아요🌊 #여행메모,,해안 드라이브 포인트,TRAVEL,synthetic-large,large:short_casual:plain,
L168,출국메모장,,공항에서 바로 써먹는 여행 준비 / 짐싸기 실수 줄이는 체크리스트,공항 준비 체크리스트,TRAVEL,synthetic-large,large:events_only:plain,
L169,느린버스,"버스만 타고도 여행이 된다는 걸 보여드려요. 지역 이동 노선, 중간 정류장 풍경, 내려서 잠깐 걷기 좋은 곳을 묶어 소개합니다.",,시외버스 경유 여행,TRAVEL,synthetic-large,large:medium:plain,
L170,안녕리프,"도시의 처음과 끝을 천천히 걷는 여행 기록을 남깁니다. 처음 가는 여행자에게는 하루 코스로, 재방문하는 분께는 색다른 골목과 전망 포인트를 함께 제안해요. 사진보다 체감 동선을 먼저 생각하는 편이라 이동이 편합니다.",,하루 도시 재방문 코스,TRAVEL,synthetic-large,large:long_polished:misdeclared,PET
L171,달빛도보,밤기차 타고 훌쩍 떠나는 국내여행 기록 ✨,,심야 열차 여행,TRAVEL,synthetic-large,large:short_casual:plain,
L172,여유한장,여행지에서 얻은 작은 여백을 차분히 기록해요. 짧은 정보보다 이동의 감각과 머무는 분위기를 함께 남깁니다.,,여행 감성 기록,TRAVEL,synthetic-large,large:medium:plain,
L173,트레일메모,"산과 바다를 잇는 길을 직접 걸어보고, 초행자도 따라 하기 쉽게 동선과 시간표를 정리합니다. 숙소와 식사, 대중교통까지 묶어 하루 흐름이 보이게 설명하고, 사진보다 실제 체감한 거리감과 난이도를 먼저 알려줘요. 혼자 떠나는 여행자와 계획 세우기 귀찮은 사람에게 특히 맞는 실전형 여행 코스를 전합니다.",,대중교통 여행 동선,TRAVEL,synthetic-large,large:long_polished:plain,
L174,바다쉼표,파도 소리 들으러 훌쩍 나가요 🌊#여행일기,,해변 감성 여행,TRAVEL,synthetic-large,large:short_casual:plain,
L175,댕댕로드,"여행과 반려견 산책을 반반씩 담아요. 둘이 함께 쉬기 좋은 숙소와 공원, 이동 팁을 같은 눈높이로 기록합니다.",,반려견 동반 여행,TRAVEL|PET,synthetic-large,large:medium:cross,
L176,길위의차분,"주말마다 도시를 천천히 걸으며 숨은 골목과 작은 박물관, 로컬 상점까지 이어지는 코스를 소개합니다. 여행 초보도 편하게 따라올 수 있게 이동 시간과 쉬는 지점, 예산을 함께 적고요. 사진은 과장 없이 담백하게, 글은 실제 사용한 동선을 기준으로 정리해 드려요.",,도시 산책 여행,TRAVEL,synthetic-large,large:long_polished:plain,
L177,노을한컷,노을 따라 움직이는 여행 좋아해요 ☀️,,노을 풍경 여행,TRAVEL,synthetic-large,large:short_casual:plain,
L178,여행수첩짱,,기차 타고 떠나는 풍경 여행 / 숙소보다 길이 좋은 여행,풍경 중심 철도 여행,TRAVEL,synthetic-large,large:events_only:plain,
L179,묵직한발걸음,"혼자 떠나는 장거리 이동과 현지 체험을 다룹니다. 버스와 기차, 도보를 섞어 하루를 보내는 방법을 알려주고, 처음 가는 도시에서도 길을 덜 헤매도록 체크포인트를 짚어드려요.",,장거리 혼행,TRAVEL,synthetic-large,large:medium:plain,
L180,모래페이지,"바닷가와 골목시장을 오가며 여행자의 시선을 기록합니다. 일정표를 빼곡하게 채우기보다, 현지에서 바로 써먹을 수 있는 이동 팁과 시간 배분을 중심으로 정리해요. 느긋한 일정이지만 놓치기 쉬운 포인트는 꼼꼼히 담아, 첫 방문자도 편하게 따라오게 만듭니다.",,해안 도시 체류,TRAVEL,synthetic-large,large:long_polished:misdeclared,FOOD
L181,리버톤,감성 한 스푼🎧 밤에 듣기 좋은 커버만 올려요 #노래커버,,노래 커버,MUSIC,synthetic-large,large:short_casual:plain,
L182,피아노담요,"피아노로 하루의 끝을 포근하게 덮어주는 채널이에요. 쉬운 멜로디부터 감정 짙은 연주까지, 처음 듣는 분도 편하게 따라올 수 있게 천천히 풀어갑니다.",,피아노 연주,MUSIC,synthetic-large,large:medium:plain,
L183,가사결,"가사에 숨은 마음을 한 줄씩 풀어내는 채널입니다. 작사 아이디어와 보컬 톤, 녹음 팁까지 함께 보여드려서 노래를 만드는 과정을 차분히 따라오게 해요.",,작사,MUSIC,synthetic-large,large:long_polished:plain,
L184,비트문,비트 타는 밤🌙 랩이랑 힙합만 쭉 갑니다 #프리스타일,,힙합 랩,MUSIC,synthetic-large,large:short_casual:plain,
L185,코드사전,"음악을 듣는 재미와 이해하는 재미를 반반씩 담아내는 채널입니다. 코드 진행, 리듬 패턴, 장르별 특징을 비교하면서 초보도 쉽게 납득할 수 있게 설명해요.",,음악 이론,MUSIC|KNOWLEDGE,synthetic-large,large:medium:cross,
L186,새벽테이프,"새벽에 듣기 좋은 커버와 자작곡을 올립니다. 조용한 톤의 보컬, 어쿠스틱 편곡, 짧은 라이브까지 한 편씩 담아 혼자 듣기 좋은 분위기로 채워가요.",,어쿠스틱 라이브,MUSIC,synthetic-large,large:long_polished:plain,
L187,댄스픽셀,안무 맞추는 맛💃 짧고 강한 커버만 골라요 #댄스커버,,댄스 커버,MUSIC,synthetic-large,large:short_casual:plain,
L188,리듬상자,,미드나잇 리허설 / 사운드 체크 챌린지,라이브 리허설,MUSIC,synthetic-large,large:events_only:plain,
L189,플리노트,"상황별 플레이리스트를 만들고, 곡을 고르는 이유도 함께 적어요. 출근길·공부·비오는 밤처럼 장면에 맞춰 듣기 좋은 흐름을 찾는 분들께 어울리는 채널입니다.",,플레이리스트 추천,MUSIC,synthetic-large,large:medium:plain,
L190,현줄타기,"기타 한 대로 분위기를 바꾸는 편곡을 좋아합니다. 초보가 따라 치기 쉬운 코드 진행부터 공연용 스트로밍 패턴까지, 손맛 나는 연주를 화면 가까이에서 보여드려요.",,기타 스트로밍,MUSIC,synthetic-large,large:long_polished:misdeclared,FASHION
L191,멜로우집,"잔잔한 밤, 노래로 쉬어가요 🎧",,발라드 짧은 커버,MUSIC,synthetic-large,large:short_casual:plain,
L192,코러스온,"신곡을 처음 듣는 분도 바로 따라오게, 후렴구 중심으로 힘 있는 보컬 클립을 올립니다. 짧고 또렷한 하이라이트로 음악의 온도를 전해요.",,후렴구 보컬 하이라이트,MUSIC,synthetic-large,large:medium:plain,
L193,노트비,"매주 한 곡씩, 멜로디와 가사를 같이 풀어내요. 3분 안에 듣는 사람의 감정선이 어떻게 바뀌는지, 편하게 따라오실 수 있게 설명합니다. 초보 리스너도 음악을 더 깊게 즐기도록 돕는 게 목표예요.",,가사 해석형 곡 소개,MUSIC,synthetic-large,large:long_polished:plain,
L194,스윙미미,"오늘은 좀 가볍게, 리듬 타는 날 😎🎵 #음악",,그루브 중심 추천,MUSIC,synthetic-large,large:short_casual:plain,
L195,런웨이톤,"음악과 패션을 같이 좋아하는 분들께, 무드에 맞는 사운드와 스타일링을 함께 제안합니다. 오늘의 코디와 오늘의 플레이리스트를 한 번에 보고 싶다면 여기예요.",,무드 코디+사운드,MUSIC|FASHION,synthetic-large,large:medium:cross,
L196,후렴공장,"후렴이 강한 곡을 골라, 첫 소절부터 끌리는 포인트만 빠르게 정리해 드립니다. 출퇴근길이나 공부 전 집중 리셋이 필요한 분들께 맞는 짧은 선곡 콘텐츠예요. 취향별로 에너지, 감성, 청량감으로 나눠 소개합니다.",,집중 리셋용 선곡,MUSIC,synthetic-large,large:long_polished:plain,
L197,바이브쨩,오늘도 귀에 맴도는 멜로디만 쏙쏙✨ #보컬,,멜로디 요약,MUSIC,synthetic-large,large:short_casual:plain,
L198,드럼편지,,드럼 한판 승부 / 비트로 읽는 오늘,드럼 퍼포먼스,MUSIC,synthetic-large,large:events_only:plain,
L199,오선바람,"한 곡을 들으면 떠오르는 장면을 짧은 글과 함께 풀어냅니다. 새벽 감성, 비 오는 창가, 혼자 걷는 길처럼 분위기별로 음악을 연결해 드려요.",,분위기별 곡 해설,MUSIC,synthetic-large,large:medium:plain,
L200,베이스모아,"저는 베이스 라인이 살아 있는 곡을 중심으로, 입문자도 따라오기 쉬운 연주 포인트를 보여줍니다. 베이스톤 셋업, 리프 분해, 합주에서 들리는 역할까지 차근차근 다뤄요. 악기를 처음 잡은 분도 소리의 중심을 느낄 수 있게 설명합니다.",,베이스 라인 입문,MUSIC,synthetic-large,large:long_polished:misdeclared,GAME
L201,샤인훅,감성 커버랑 짧은 소절 담아와요🎤✨ #음악,,노래 커버,MUSIC,synthetic-large,large:short_casual:plain,
L202,멜로윙,퇴근길에 듣기 좋은 보컬 클립을 올려요. 편하게 따라 부를 수 있는 멜로디를 골라 담습니다.,,보컬 클립,MUSIC,synthetic-large,large:medium:plain,
L203,하모닉스튜,"처음 듣는 분도 곡의 분위기를 바로 느낄 수 있게, 편곡 포인트와 가사 흐름을 같이 풀어드려요. 짧은 영상엔 핵심만, 긴 영상엔 제작 과정까지 담아 음악을 더 가깝게 만들어요. 입문자부터 덕후까지 부담 없이 볼 수 있게 설명을 정리합니다.",,편곡 해설,MUSIC,synthetic-large,large:long_polished:plain,
L204,리듬냥,오늘은 뭐 들을까? 🎧 #플레이리스트,,청취 분위기 추천,MUSIC,synthetic-large,large:short_casual:plain,
L205,겜비트_07,게임 플레이 중간중간 직접 만든 BGM과 실황 반응을 함께 올려요. 음악과 게임을 반반씩 즐기는 사람들께 잘 맞는 채널입니다.,,게임 실황 BGM,MUSIC|GAME,synthetic-large,large:medium:cross,
L206,소프티노,"처음 보시는 분도 바로 따라올 수 있게, 한 곡을 파트별로 나눠 보컬 발성부터 표현까지 차근차근 보여드려요. 발라드와 팝을 중심으로 연습용 예시를 많이 넣고, 댓글 요청곡은 난이도에 맞춰 다시 설명합니다. 노래를 좋아하지만 막상 부르면 어렵게 느끼는 분들께 특히 맞는 방식으로 담아요.",,보컬 발성,MUSIC,synthetic-large,large:long_polished:plain,
L207,훅그루브,짧게 꽂히는 훅 만들기 좋아해요🔥 #작곡,,훅 메이킹,MUSIC,synthetic-large,large:short_casual:plain,
L208,세션폴더,,세션 녹음실 탐방 / 트랙 쌓기 실험실,세션 레코딩,MUSIC,synthetic-large,large:events_only:plain,
L209,라임온더,"밤 산책할 때 듣기 좋은 트랙을 골라, 분위기와 템포를 함께 적어 드려요. 잔잔한 곡부터 약간의 에너지 있는 곡까지 균형 있게 소개합니다.",,야간 산책용 선곡,MUSIC,synthetic-large,large:medium:plain,
L210,코드브루,"악기별로 소리가 어떻게 겹치는지, 그리고 왜 그 조합이 귀에 잘 붙는지 예시를 통해 보여드려요. 피아노·기타·보컬이 함께 있는 곡을 자주 다루고, 초보자도 편하게 따라올 수 있게 프레이즈를 잘게 나눠 설명합니다. 곡을 듣는 재미를 넓히고 싶은 분들께 맞춘 채널이에요.",,악기 조합 분석,MUSIC,synthetic-large,large:long_polished:misdeclared,KNOWLEDGE
L211,뭉치네산책로그,오늘도 산책 기록🐾 #강아지일상,,강아지 산책 기록,PET,synthetic-large,large:short_casual:plain,
L212,고미집사노트,고양이 밥그릇 앞에서 매일 생기는 작은 사건들을 기록합니다. 초보 집사도 따라 하기 쉬운 생활 팁과 마음 돌봄 이야기를 천천히 나눠요.,,고양이 집사 생활,PET,synthetic-large,large:medium:plain,
L213,훈련장인토리,"강아지와 보호자가 같이 배우는 긍정 훈련을 다룹니다. 배변, 짖음, 산책 예절처럼 자주 묻는 문제를 단계별로 풀어 설명하고, 초보 보호자도 바로 따라 할 수 있게 짧은 영상과 체크리스트로 정리해요.",,강아지 긍정훈련,PET,synthetic-large,large:long_polished:plain,
L214,수염빵실이,냄새보다 귀여움이 먼저 오는 반려생활🐾 #펫스타그램,,반려동물 일상,PET,synthetic-large,large:short_casual:plain,
L215,길동냥트립,"여행과 반려동물을 반반씩 사랑하는 기록장입니다. 반려동물 동반 숙소, 이동 동선, 현지 산책 코스까지 같이 소개해요.",,반려동물 동반 여행,PET|TRAVEL,synthetic-large,large:medium:cross,
L216,건강체크몽몽,"반려동물 건강 관리는 정보가 많을수록 헷갈리기 쉽죠. 저는 강아지와 고양이의 식욕, 체중, 피부 상태를 기준으로 집에서 살필 포인트를 정리해, 보호자가 병원에 가기 전 체크할 수 있는 실전형 콘텐츠를 만들어요.",,반려동물 건강 체크,PET,synthetic-large,large:long_polished:plain,
L217,햄찌한입,햄스터 쳇바퀴 돌아가는 소리가 좋아요🐹 #햄스터,,햄스터 사육 일상,PET,synthetic-large,large:short_casual:plain,
L218,입양첫날기록,,유기동물 첫만남 가이드 / 입양 후 30일 적응 체크,유기동물 입양,PET,synthetic-large,large:events_only:plain,
L219,리드줄연구소,"반려견 산책이 매번 힘든 보호자들을 위해 리드줄 잡는 법부터 거리 조절, 상황별 멈춤 신호까지 차근차근 알려줍니다. 실제 산책 장면을 짧게 끊어 보여 주고, 집에서 연습할 수 있는 방법도 함께 정리해요.",,강아지 산책 훈련,PET,synthetic-large,large:medium:plain,
L220,파충탐험대장,"이 채널은 파충류를 처음 키우는 사람을 위해 온도, 습도, 사육장 세팅을 사진과 함께 풀어 설명합니다. 도마뱀과 뱀의 먹이 반응, 탈피 상태, 경계 행동을 구분해 보여 주고, 입문자가 실수하기 쉬운 포인트를 짚어 드려요.",,파충류 입문 관리,PET,synthetic-large,large:long_polished:misdeclared,FOOD
L221,산책발자국멍,오늘도 냄새 따라 뽈뽈🐾,,강아지 산책 루트,PET,synthetic-large,large:short_casual:plain,
L222,미로냥식탁,고양이 밥상과 집사 밥상을 함께 챙기는 소소한 기록입니다. 오늘은 재료 손질부터 급여 타이밍까지 차근차근 담아봐요.,,고양이 식단 준비,PET,synthetic-large,large:medium:plain,
L223,알러지수첩펫,반려동물 피부와 알러지 반응을 눈으로 알아보는 방법을 정리합니다. 초보 보호자도 따라 하기 쉽게 체크리스트와 비교 사진으로 설명해요. 증상이 애매할 때 무엇을 먼저 기록해야 하는지도 같이 다룹니다.,,반려동물 알러지 관찰,PET,synthetic-large,large:long_polished:plain,
L224,꼬리흔들로그,오늘도 꼬리 반응이 궁금한 하루🐶 #반려생활,,반려견 감정 신호,PET,synthetic-large,large:short_casual:plain,
L225,한입두접시,반려동물 먹거리와 집밥 레시피를 반반씩 다룹니다. 사람도 반려동물도 함께 즐길 수 있는 재료 조합과 안전 포인트를 같이 소개해요.,,반려동물 동반 간식,PET|FOOD,synthetic-large,large:medium:cross,
L226,수다하는고양이집,"고양이와 사는 집의 소소한 문제를 실용적으로 풀어냅니다. 화장실 냄새 관리, 장난감 교체 시기, 혼자 있는 시간 대비법까지 초보 집사 눈높이로 정리해요. 실패한 경험도 숨기지 않고 그대로 공유합니다.",,고양이 생활 환경 관리,PET,synthetic-large,large:long_polished:plain,
L227,물그릇옆일기,물 한 그릇도 꼼꼼히 보는 보호자예요💧 #펫케어,,반려동물 수분 섭취,PET,synthetic-large,large:short_casual:plain,
L228,입양기다린오늘,,보호소 첫 만남 / 함께 걷는 하루,유기동물 보호소 방문,PET,synthetic-large,large:events_only:plain,
L229,펫약속메모,"노령 반려동물의 하루 루틴과 약 챙기는 법을 짧게 정리합니다. 병원 다녀온 뒤 기록하는 법, 복용 시간 알림, 식사와 산책 순서까지 실용적으로 보여드려요.",,노령 반려동물 약 복용,PET,synthetic-large,large:medium:plain,
L230,장난감실험실,"장난감 반응부터 반응 속도까지, 반려동물 놀이 데이터를 모읍니다. 견종과 성격에 따라 어떤 놀이가 오래가는지 비교하고, 집에서 바로 따라 할 수 있게 장단점을 나눠 설명해요. 새 장난감 후기뿐 아니라 직접 만드는 놀이도 다룹니다.",,반려동물 놀이 반응 비교,PET,synthetic-large,large:long_polished:misdeclared,KNOWLEDGE
L231,복실코드,오늘은 반려동물 소소한 꿀팁만 담아봐요 🐾 #집사일상,,반려동물 놀이 장난감 반응 기록,PET,synthetic-large,large:short_casual:plain,
L232,미미수첩,"처음 키우는 분도 이해하기 쉽게 반려동물 기본 상식을 정리해요. 사료 고르기부터 배변 습관까지, 짧고 확실하게 알려드립니다.",,반려동물 초보 상식 정리,PET,synthetic-large,large:medium:plain,
L233,초코발자국,"저는 강아지와 고양이의 생활 습관을 비교하면서, 초보 보호자가 놓치기 쉬운 포인트를 사례 중심으로 풀어냅니다. 사진과 짧은 영상으로 행동 변화, 식사 패턴, 스트레스 신호를 나눠 설명해요. 댓글로 받은 고민은 상황별 체크리스트로 다시 정리해 드립니다.",,강아지·고양이 생활 습관 비교,PET,synthetic-large,large:long_polished:plain,
L234,냥펀치메모,고양이랑 사는 하루를 조용히 기록해요 😺 #집사,,고양이 놀이 반응 관찰,PET,synthetic-large,large:short_casual:plain,
L235,펫지식정류장,반려동물 이야기와 기초 지식을 반반씩 다룹니다. 사소해 보여도 꼭 알아야 할 관리법을 짧은 강의처럼 정리해요.,,반려동물 기초 지식과 생활 교육,PET|KNOWLEDGE,synthetic-large,large:medium:cross,
L236,또루동네펫,"반려동물의 식사, 휴식, 산책 전후 루틴을 실제 생활 기준으로 정리합니다. 초보 보호자가 바로 따라 할 수 있도록 준비물, 시간대, 주의점을 함께 보여주고, 품종별로 다른 습관도 비교해 드려요. 복잡한 용어는 줄이고 경험담과 체크포인트 위주로 설명합니다.",,반려동물 일과 루틴 관리,PET,synthetic-large,large:long_polished:plain,
L237,간식탐정별,맛있는 간식 탐색과 반려동물 소식만 골라 올려요 🍪 #간식리뷰,,반려동물 간식 성분 비교 리뷰,PET,synthetic-large,large:short_casual:plain,
L238,유기별지도,,임시보호 첫 주 브이로그 / 새 가족 적응 체크리스트,유기동물 임시보호 기록,PET,synthetic-large,large:events_only:plain,
L239,하이포위크,반려동물 건강 정보와 지식을 균형 있게 다룹니다. 병원 가기 전 체크할 것부터 집에서 가능한 관찰법까지 차근차근 풀어줘요.,,반려동물 건강 관찰 교육,PET,synthetic-large,large:medium:plain,
L240,두리번애니멀,"반려동물의 행동 원인과 환경 변화를 함께 해석하는 콘텐츠를 만듭니다. 식기 위치, 소음, 동선 같은 생활 요소를 바꿔가며 반응을 비교하고, 보호자가 바로 적용할 수 있는 환경 개선 팁을 자세히 전해요. 기록은 짧아도 설명은 꼼꼼하게 남깁니다.",,반려동물 환경 개선 실험,PET,synthetic-large,large:long_polished:misdeclared,TRAVEL
L241,픽셀냥,"테크는 가볍게, 후기는 솔직하게📱",,스마트폰 첫인상,TECH,synthetic-large,large:short_casual:plain,
L242,노트북메이커,"노트북과 태블릿을 매주 직접 써보고, 입문자도 바로 이해할 수 있게 장단점을 정리합니다. 사양표만 보는 리뷰가 아니라 실제 사용감 중심으로 비교해요.",,노트북 실사용 비교,TECH,synthetic-large,large:medium:plain,
L243,조립왕민트,"PC 부품 조합을 좋아해서 가성비, 발열, 소음까지 묶어 설명합니다. 처음 조립하는 분이 실수하기 쉬운 부분도 사진처럼 떠올리게 차근차근 짚어드려요. 게임 프레임과 작업 효율을 함께 보는 편입니다.",,PC 조립 가이드,TECH,synthetic-large,large:long_polished:plain,
L244,가전한입,가전 덕후 출근합니다⚡ 리뷰는 짧고 굵게 #IT,,생활가전 원포인트 리뷰,TECH,synthetic-large,large:short_casual:plain,
L245,겜테크듀오,"게임이랑 테크 둘 다 놓치기 싫은 사람들을 위한 채널입니다. 신작 게임 성능 체크와 주변기기 세팅을 함께 다뤄서, 플레이와 장비 선택을 동시에 돕습니다.",,게임 성능 테스트,TECH|GAME,synthetic-large,large:medium:cross,
L246,코드마루,"개발툴, 자동화, 실무 팁을 중심으로 콘텐츠를 만듭니다. 초보 개발자와 팀 작업이 많은 분들이 바로 써먹을 수 있게 예제와 설정법을 같이 보여드려요. 화면 녹화와 짧은 데모로 흐름을 끊지 않게 설명합니다.",,개발 생산성,TECH,synthetic-large,large:long_polished:plain,
L247,앱줍줍,쓸만한 앱만 골라서 써봅니다😉 #생산성,,생산성 앱 추천,TECH,synthetic-large,large:short_casual:plain,
L248,와이파이탐정,,와이파이 속도 숨은 원인 찾기 / 집 안 공유기 배치 실험,네트워크 최적화,TECH,synthetic-large,large:events_only:plain,
L249,아이디어포켓,"업무, 공부, 일상에서 바로 쓸 수 있는 디지털 도구를 큐레이션합니다. 기능 소개만 하지 않고 실제 어떤 상황에서 효율이 올라가는지 같이 설명해요.",,디지털 도구 큐레이션,TECH,synthetic-large,large:medium:plain,
L250,썬더비트,"IT 뉴스와 신제품 소식을 빠르게 정리하되, 그냥 전달만 하진 않습니다. 왜 중요한지, 어떤 사용자에게 영향이 있는지까지 짚어주는 해설형 콘텐츠를 지향해요.",,IT 뉴스 해설,TECH,synthetic-large,large:long_polished:misdeclared,KNOWLEDGE
L251,오레오칩,언박싱은 늘 설렌다📦 #테크,,전자기기 언박싱,TECH,synthetic-large,large:short_casual:plain,
L252,버즈로그,"새 기기 살 때 고민 줄여드리는 테크 기록자예요. 스펙보다 실제 쓰임을 먼저 보고, 초보도 이해하기 쉽게 풀어드립니다.",,스마트폰 사용성 리뷰,TECH,synthetic-large,large:medium:plain,
L253,소프트키보드,"신제품을 빠르게 뜯어보고 장단점을 정리해요. 사진·영상·배터리 같은 핵심 포인트만 골라 바쁜 분들도 한눈에 보게 합니다. 댓글로 남긴 질문은 다음 영상에서 바로 확인해 드리고, 구매 전 체크리스트도 함께 챙겨요.",,전자기기 비교 리뷰,TECH,synthetic-large,large:long_polished:plain,
L254,미니픽,이것저것 만져보는 중🔧 #IT취향,,가젯 체험기,TECH,synthetic-large,large:short_casual:plain,
L255,교실픽셀,"테크는 어렵지 않다는 걸 같이 배우는 채널이에요. 기기 리뷰와 디지털 기초 지식을 절반씩 다루며, 학생·직장인 모두가 바로 써먹을 수 있게 정리합니다.",,테크 기초 학습,TECH|KNOWLEDGE,synthetic-large,large:medium:cross,
L256,프레임노트,"노트북, 태블릿, 주변기기를 직접 써본 뒤 작업별로 비교합니다. 글쓰기·회의·영상편집처럼 목적이 다른 분들을 위해, 체감 차이와 세팅 팁을 함께 정리해 선택을 돕습니다. 광고 문구보다 손에 익는 느낌을 중시하고, 초보도 따라 할 수 있게 화면 캡처와 짧은 설명을 곁들입니다.",,멀티기기 워크플로우,TECH,synthetic-large,large:long_polished:plain,
L257,데이지코드,기기 얘기하면 시간 순삭📱💻 #리뷰중,,모바일 기기 리뷰,TECH,synthetic-large,large:short_casual:plain,
L258,업데이트창고,,신기능 업데이트 라이브 / 앱 설정 꿀팁 클래스,앱 업데이트 소식,TECH,synthetic-large,large:events_only:plain,
L259,세팅맨,"새 제품 세팅부터 숨은 기능까지 차근차근 보여드려요. 복잡한 설명은 줄이고, 실제 화면을 기준으로 따라 하기 쉬운 순서로 안내합니다.",,초보자용 기기 설정,TECH,synthetic-large,large:medium:plain,
L260,캡처정류장,"작은 설정 하나가 하루를 바꾼다고 믿어요. 스마트폰, 태블릿, PC에서 바로 써먹는 팁을 상황별로 묶어 알려드립니다. 특히 처음 전자기기를 사는 분들이 헷갈리는 용어를 쉽게 풀고, 실수하기 쉬운 부분은 미리 짚어드려요.",,디지털 사용 팁,TECH,synthetic-large,large:long_polished:misdeclared,FASHION
L261,잭잭랩,퇴근 후 기기 만지작💡 #테크덕후,,중고 스마트폰 배터리 상태 점검,TECH,synthetic-large,large:short_casual:plain,
L262,모니터곰,"노트북과 태블릿을 번갈아 써 보며, 작업 흐름에 맞는 화면 크기와 입력감을 차분히 비교해요. 학생과 직장인 모두가 덜 헤매도록 실제 사용 기준으로 정리합니다.",,휴대용 작업용 태블릿 조합,TECH,synthetic-large,large:medium:plain,
L263,그리드민,"저는 신제품 스펙표보다 실사용에서 드러나는 차이를 먼저 봅니다. 스마트폰 카메라, 배터리, 발열을 출퇴근·야외 촬영·게임 같은 상황으로 나눠 보여주고, 처음 사는 분도 이해하기 쉬운 말로 정리해요. 댓글에 자주 묻는 질문은 다음 영상에서 직접 재현해서 답합니다.",,스마트폰 실사용 배터리 테스트,TECH,synthetic-large,large:long_polished:plain,
L264,칩콩,"기기 뜯어보는 맛, 오늘도 못 참지 🔧 #IT취향",,미니PC 내부 구조 분해,TECH,synthetic-large,large:short_casual:plain,
L265,룩앤코드,"테크 제품과 옷차림의 균형을 좋아해요. 출근룩에 어울리는 가방, 시계, 이어폰까지 함께 묶어 소개하고, 일상에서 쓰기 편한 기능성과 스타일을 같이 봅니다.",,직장인 데일리 테크 액세서리,TECH|FASHION,synthetic-large,large:medium:cross,
L266,루틴바이트,"업무 자동화, 메모 정리, 파일 관리처럼 매일 반복되는 일을 줄여 주는 방법을 다룹니다. 직장인과 1인 크리에이터가 바로 따라 할 수 있게 화면 구성부터 단축키, 앱 세팅까지 차근차근 보여줘요. 복잡한 설명보다 전후 비교와 짧은 실습 영상으로 이해를 돕습니다.",,업무 자동화 단축키,TECH,synthetic-large,large:long_polished:plain,
L267,쿨팬스,발열 잡는 팬소리와 전력 이야기 좋아해요🔥 #PC생활,,소형 PC 쿨링 소음 측정,TECH,synthetic-large,large:short_casual:plain,
L268,오피스웨이브,,노트북 충전기 호환성 실험 / USB-C 도킹 스테이션 구성법,USB-C 허브 연결 호환성,TECH,synthetic-large,large:events_only:plain,
L269,메모링크,"복잡한 설정은 빼고, 필요한 핵심만 빠르게 잡아드립니다. 스마트폰 백업, 사진 정리, 클라우드 연동처럼 누구나 겪는 문제를 기준으로 쉬운 단계별 설명을 제공합니다.",,스마트폰 백업 자동화,TECH,synthetic-large,large:medium:plain,
L270,테라픽셀,"카메라, 저장장치, 모니터처럼 한 번 사면 오래 쓰는 장비를 주로 다뤄요. 입문자에겐 고르기 쉬운 기준을, 이미 쓰는 분에겐 세부 세팅과 활용 팁을 담아 길게 설명합니다. 특히 작업용 환경에서 체감되는 차이를 직접 재현해 보여주는 편입니다.",,작업용 모니터 색감 세팅,TECH,synthetic-large,large:long_polished:misdeclared,GAME
L271,북소리냥,책 넘기며 마음정리📚 #독서 #메모,,독서 메모 습관,KNOWLEDGE,synthetic-large,large:short_casual:plain,
L272,알쏭정답,"공부가 막막한 분들께, 오늘은 문제를 푸는 순서와 복습 타이밍을 짧게 정리해 드려요. 시험 직전에도 바로 써먹는 팁만 담습니다.",,시험 복습 루틴,KNOWLEDGE,synthetic-large,large:medium:plain,
L273,정리탐험가,"단순 요약이 아니라, 초보가 헷갈리는 개념의 연결고리를 찾아줍니다. 교재, 강의, 예시를 함께 엮어 스스로 설명할 수 있게 만드는 학습 콘텐츠를 올려요.",,개념 연결 학습법,KNOWLEDGE,synthetic-large,large:long_polished:plain,
L274,한줄지식,"짧고 가볍게, 그래도 핵심은 챙겨요 ✍️ #지식 #공부",,핵심 요약 노트,KNOWLEDGE,synthetic-large,large:short_casual:plain,
L275,코드북랩,"새로운 기술을 배우는 일과 공부 습관을 만드는 일을 함께 다룹니다. 노션 정리법, 코딩 입문, 생산성 도구를 번갈아 소개해요.",,노션 기반 학습관리,KNOWLEDGE|TECH,synthetic-large,large:medium:cross,
L276,사례읽는밤,"역사와 사회 이슈를 원문과 사례로 풀어, 배경이 낯선 분도 흐름을 잡을 수 있게 합니다. 지루한 연표 대신 질문-답변 구조로 생각이 이어지도록 구성해요.",,시사 배경사,KNOWLEDGE,synthetic-large,large:long_polished:plain,
L277,오늘의암기,"외우기 힘든 내용, 리듬 타며 정리해요 🎧 #암기 #스터디",,암기 리듬 학습,KNOWLEDGE,synthetic-large,large:short_casual:plain,
L278,책장열기,,신간 독서토론회 / 한 장 요약 챌린지,책 토론·요약,KNOWLEDGE,synthetic-large,large:events_only:plain,
L279,머니문장,"경제 뉴스와 재테크 용어를 쉬운 문장으로 바꿔 설명합니다. 사회초년생이 헷갈리는 개념을 중심으로, 사례와 숫자를 같이 보며 이해를 돕습니다.",,경제 뉴스 해설,KNOWLEDGE,synthetic-large,large:medium:plain,
L280,배움의온도,"자기계발과 외국어 학습을 연결해, 매일 조금씩 성장하는 방법을 다룹니다. 영어 표현, 습관 설계, 학습 기록을 함께 보며 오래 가는 공부를 제안해요.",,습관형 외국어 공부,KNOWLEDGE,synthetic-large,large:long_polished:misdeclared,FITNESS
L281,문장수집가,공부할수록 문장이 쌓여요 ✍️ #독서 #공부습관,,독서 메모 습관,KNOWLEDGE,synthetic-large,large:short_casual:plain,
L282,지식산책,쉽게 읽고 오래 남는 공부 이야기를 전해요. 하루 1개 개념을 생활 속 예시로 풀어드립니다.,,개념 쉬운 설명,KNOWLEDGE,synthetic-large,large:medium:plain,
L283,개념길잡이,교과서와 뉴스 사이를 오가며 개념을 연결해요. 초보도 따라올 수 있게 예시와 비유를 곁들입니다.,,개념 연결 학습법,KNOWLEDGE,synthetic-large,large:long_polished:plain,
L284,밑줄요정,밑줄 친 한 줄이 생각보다 오래 가더라구요 ✨ #책리뷰 #지식,,책 핵심 밑줄,KNOWLEDGE,synthetic-large,large:short_casual:plain,
L285,헬시브레인,운동 기록과 공부 루틴을 반반씩 다룹니다. 몸이 가벼워지면 집중도도 오른다는 걸 직접 실험해요.,,공부와 운동 루틴,KNOWLEDGE|FITNESS,synthetic-large,large:medium:cross,
L286,강의노트집사,"강의 내용을 듣고 끝내지 않도록 정리해드립니다. 사회초년생과 대학생이 바로 써먹을 수 있게 예제 중심으로 풀어요. 암기보다 이해를 먼저 두고, 복습 질문까지 함께 챙깁니다.",,강의 노트 정리,KNOWLEDGE,synthetic-large,large:long_polished:plain,
L287,외국어한입,"오늘은 단어 하나, 내일은 표현 하나 🍀 #외국어 #회화",,초단기 외국어 표현,KNOWLEDGE,synthetic-large,large:short_casual:plain,
L288,시사읽는손,,이슈 한 장 정리 / 기사 배경사 5분 브리핑,시사 배경 정리,KNOWLEDGE,synthetic-large,large:events_only:plain,
L289,재테크메모장,돈 이야기를 어렵지 않게 풀어내는 곳이에요. 적은 금액으로 시작하는 사람을 위해 예산과 투자 기초를 차근차근 다룹니다.,,소액 투자 기초,KNOWLEDGE,synthetic-large,large:medium:plain,
L290,역사탐색꾼,역사를 외우기보다 흐름으로 이해하게 도와드려요. 인물과 사건을 연결해 시대의 맥락을 짚는 콘텐츠를 만듭니다. 시험 대비용 요약과 교양 독해를 함께 챙기는 편이에요.,,인물 중심 역사 흐름,KNOWLEDGE,synthetic-large,large:long_polished:misdeclared,FOOD
L291,공부레시피,공부도 레시피처럼! 📚,,공부법,KNOWLEDGE,synthetic-large,large:short_casual:plain,
L292,지식우체통,"매일 하나씩, 어려운 걸 쉽게 풀어 적습니다. 초보도 따라오게 천천히 설명해요.",,자기계발,KNOWLEDGE,synthetic-large,large:medium:plain,
L293,밤책수집가,"책 한 권을 읽고 끝내지 않고, 문장 속 생각을 오래 씹어봅니다. 독서가 처음인 분도 부담 없이 들어올 수 있게 차근차근 길을 잡아드려요.",,책 리뷰,KNOWLEDGE,synthetic-large,large:long_polished:plain,
L294,문제풀이덕후,문제 풀다 막히면 여기로 와요 🤓 #공부로그,,시험 공부,KNOWLEDGE,synthetic-large,large:short_casual:plain,
L295,미식노트,"오늘은 지식, 내일은 레시피. 읽기와 먹기를 반반씩 즐기며 삶의 기록을 남깁니다.",,독서와 집밥 기록,KNOWLEDGE|FOOD,synthetic-large,large:medium:cross,
L296,사유정거장,"역사와 과학, 경제를 넘나들며 왜 그런지 묻는 콘텐츠를 만듭니다. 학생과 직장인이 함께 보기 좋게 사례와 비유를 섞어 설명하고, 헷갈리는 개념은 표와 말풍선으로 정리해요.",,시사 교양 해설,KNOWLEDGE,synthetic-large,large:long_polished:plain,
L297,외워도금방잊어,외우는 게 아니라 이해하는 쪽으로 갑니다 ✍️ #학습팁,,암기보다 이해 학습,KNOWLEDGE,synthetic-large,large:short_casual:plain,
L298,강연메모공장,,한눈에 읽는 강의 리캡 / 질문으로 파고드는 개념 워크숍,강의 요약,KNOWLEDGE,synthetic-large,large:events_only:plain,
L299,경제한스푼,경제 기사를 읽다가 막히는 부분만 골라 풀어드립니다. 숫자보다 흐름을 먼저 잡고 싶은 분들께 맞춰 설명해요.,,경제 기사 해설,KNOWLEDGE,synthetic-large,large:medium:plain,
L300,언어실험실장,"외국어 문장을 통째로 외우기보다, 쓰이는 상황부터 짚어줍니다. 입문자와 중급자가 둘 다 볼 수 있게 짧은 예문과 비교표로 정리해요.",,실전 표현 비교,KNOWLEDGE,synthetic-large,large:long_polished:misdeclared,TECH
