id,split,query
F03,dev,
F05,dev,
F09,dev,
K01,dev,
K06,dev,
K09,dev,
G02,dev,
G04,dev,
G06,dev,
B01,dev,
B03,dev,
B07,dev,
S05,dev,
S09,dev,
T02,dev,
T05,dev,
M01,dev,
M08,dev,
P02,dev,
P07,dev,
H04,dev,
H05,dev,
H06,dev,
N02,dev,
N05,dev,
X04,dev,
X05,dev,
X07,dev,
X09,dev,
X11,dev,
F01,test,Y
F02,test,Y
F04,test,
F06,test,Y
F07,test,
F08,test,
K02,test,
K03,test,
K04,test,
K05,test,
K07,test,Y
K08,test,
G01,test,Y
G03,test,
G05,test,
G07,test,
G08,test,Y
G09,test,
B02,test,Y
B04,test,
B05,test,
B06,test,
B08,test,Y
B09,test,
S01,test,Y
S02,test,
S03,test,
S04,test,
S06,test,
S07,test,
S08,test,Y
T01,test,
T03,test,Y
T04,test,
T06,test,Y
T07,test,
T08,test,
M02,test,Y
M03,test,
M04,test,
M05,test,
M06,test,
M07,test,Y
P01,test,
P03,test,Y
P04,test,
P05,test,
P06,test,
P08,test,Y
H01,test,
H02,test,Y
H03,test,Y
H07,test,
H08,test,
N01,test,Y
N03,test,
N04,test,
N06,test,
N07,test,Y
N08,test,
X01,test,Y
X02,test,Y
X03,test,Y
X06,test,Y
X08,test,Y
X10,test,Y
X12,test,Y
X13,test,Y
X14,test,Y
X15,test,Y
