id,profile_id,style,text,gold
P01_keyword,P01,keyword,"홈트, 러닝, 식단관리, 체형교정, 스트레칭",FITNESS
P01_sentence,P01,sentence,"집에서 따라 하기 쉬운 운동 루틴과 러닝, 식단 관리 콘텐츠를 즐겨 본다. 체형 교정과 스트레칭처럼 일상에 바로 적용할 수 있는 실용적인 정보에 특히 관심이 많다.",FITNESS
P01_long,P01,long,"집에서 쉽게 따라 하는 홈트 영상과 러닝 팁, 식단 관리 방법을 자주 찾아본다. 운동 효과를 높이는 자세 교정이나 스트레칭처럼 바로 실천할 수 있는 콘텐츠에 더 끌린다. 복잡한 이론보다 짧고 명확하게 정리된 루틴, 전후 비교가 보이는 변화형 콘텐츠를 선호한다. 생활습관을 조금씩 바꾸는 방식의 건강 정보도 꾸준히 챙겨 보는 편이다.",FITNESS
P02_keyword,P02,keyword,"홈트, 기능성 움직임, 회복 스트레칭, 자세 교정, 컨디션 관리",FITNESS
P02_sentence,P02,sentence,"집이나 야외에서 바로 따라 할 수 있는 간단한 운동 루틴과 몸 상태를 점검하는 콘텐츠를 좋아한다. 강도 조절, 회복, 습관 관리처럼 꾸준히 적용할 수 있는 정보에 특히 끌린다.",FITNESS
P02_long,P02,long,"이 사용자는 복잡한 설명보다 바로 실천 가능한 운동 팁과 몸 상태를 점검하는 콘텐츠를 자주 찾는다. 짧고 명확한 루틴, 통증을 줄이는 움직임, 피로 회복에 도움이 되는 영상에 관심이 많다. 하루 컨디션에 맞게 강도를 조절하는 방법이나 생활 습관을 개선하는 조언도 선호한다. 무리한 기록 경쟁보다는 오래 지속할 수 있는 방식의 관리법을 즐겨 본다.",FITNESS
P03_keyword,P03,keyword,"홈트,단백질 레시피,식단 관리,건강한 한 끼,체형 관리",FITNESS|FOOD
P03_sentence,P03,sentence,"집에서 따라 하기 쉬운 운동 루틴과 몸에 좋은 식단, 단백질 중심의 간단한 레시피를 좋아한다. 꾸준히 실천할 수 있는 건강 습관형 콘텐츠에 끌린다.",FITNESS|FOOD
P03_long,P03,long,"이 사용자는 집에서 부담 없이 따라 할 수 있는 운동 루틴과 체형 관리 콘텐츠를 즐겨 본다. 동시에 단백질을 챙긴 간단한 레시피, 식단 관리 팁처럼 일상에 바로 적용 가능한 요리·푸드 콘텐츠에도 관심이 높다. 과장된 정보보다 실천하기 쉽고 꾸준히 이어갈 수 있는 건강 습관 위주의 내용을 선호한다. 짧은 영상으로 핵심을 빠르게 확인한 뒤, 필요한 경우 자세한 설명이 있는 콘텐츠를 찾아보는 편이다.",FITNESS|FOOD
P04_keyword,P04,keyword,"레시피, 집밥, 맛집 탐방, 재료 손질, 한식, 디저트",FOOD
P04_sentence,P04,sentence,"새로운 레시피와 집에서 따라 하기 쉬운 요리법을 즐겨 보고, 맛집 후기나 재료 손질 팁도 꼼꼼히 챙긴다. 한식부터 디저트까지 폭넓게 관심이 있다.",FOOD
P04_long,P04,long,"새로운 레시피와 집에서 따라 하기 쉬운 요리 콘텐츠를 자주 찾아보는 편이다. 특히 재료 손질, 조리 과정, 실패를 줄이는 팁처럼 바로 써먹을 수 있는 정보에 관심이 많다. 맛집 탐방 영상이나 메뉴 리뷰도 즐겨 보며, 한식부터 디저트까지 다양한 먹거리 콘텐츠를 폭넓게 챙긴다. 보기 좋은 플레이팅이나 간단한 한 끼 아이디어처럼 실생활에 연결되는 콘텐츠를 선호한다.",FOOD
P05_keyword,P05,keyword,"간단한 집밥,재료 손질,초보 레시피,도시락 메뉴,오븐 요리",FOOD
P05_sentence,P05,sentence,"손이 많이 가지 않는 집밥과 초보도 따라 하기 쉬운 조리 과정을 좋아한다. 장보기 팁, 식재료 보관법, 한 끼를 깔끔하게 완성하는 메뉴를 자주 찾는다.",FOOD
P05_long,P05,long,"복잡한 요리보다 준비와 정리가 쉬운 실용적인 레시피를 선호한다. 재료를 최소한으로 쓰면서도 맛을 살리는 집밥 콘텐츠나 빠르게 완성되는 한 끼 메뉴를 자주 본다. 장보기 요령, 냉장고 속 재료 활용법, 보관과 손질처럼 식생활에 바로 도움이 되는 정보에도 관심이 많다. 영상은 과정이 또렷하고 따라 하기 쉬운 스타일일수록 오래 챙겨 보는 편이다.",FOOD
P06_keyword,P06,keyword,"간단 레시피,단백질 식단,홈트,식단 관리,건강 간식",FOOD|FITNESS
P06_sentence,P06,sentence,"간단하게 따라 할 수 있는 레시피와 단백질 위주의 식단, 그리고 집에서 하는 운동 콘텐츠에 관심이 많다. 먹는 즐거움과 몸 관리가 함께 되는 실용적인 콘텐츠를 선호한다.",FOOD|FITNESS
P06_long,P06,long,"복잡한 조리보다 짧은 시간에 완성되는 레시피와 꾸준히 실천할 수 있는 식단 정보를 자주 찾는 편이다. 특히 단백질을 챙기면서도 맛있게 먹는 방법, 칼로리 부담을 줄인 건강 간식 같은 콘텐츠에 반응한다. 운동 쪽으로는 헬스장보다 집에서 따라 하기 쉬운 홈트나 초보자용 루틴처럼 부담 없는 영상을 선호한다. 먹고 움직이는 습관을 함께 관리할 수 있는 실용적인 콘텐츠를 오래 본다.",FOOD|FITNESS
P07_keyword,P07,keyword,"신작 게임, 공략, 하이라이트, 멀티플레이, e스포츠",GAME
P07_sentence,P07,sentence,"신작 게임 소식과 빠른 공략, 실전 하이라이트를 즐겨 보고 멀티플레이와 e스포츠 경기까지 챙겨보는 편이다.",GAME
P07_long,P07,long,"신작 게임이 나오면 후기와 플레이 영상을 먼저 찾아보고, 공략이나 팁처럼 바로 써먹을 수 있는 콘텐츠를 선호한다. 긴 방송보다는 핵심 장면이 잘 정리된 하이라이트와 리액션 영상에 반응이 좋다. 멀티플레이 실황이나 e스포츠 대회처럼 실력과 전략이 드러나는 콘텐츠도 꾸준히 챙겨본다. 반복 시청할 때는 캐릭터 빌드, 패치 변화, 메타 분석처럼 정보가 선명한 영상에 오래 머무는 편이다.",GAME
P08_keyword,P08,keyword,"인디 게임, 스토리 몰입, 퍼즐 풀이, 캐릭터 수집, 숨겨진 엔딩",GAME
P08_sentence,P08,sentence,"화려한 경쟁전보다 세계관과 연출이 살아 있는 게임을 좋아하고, 퍼즐을 풀며 숨겨진 요소를 찾는 콘텐츠를 자주 본다.",GAME
P08_long,P08,long,"이 사용자는 인디 게임이나 스토리 중심 작품처럼 분위기와 몰입감이 중요한 콘텐츠에 끌린다. 진행 과정에서 막히는 구간을 함께 살펴보거나, 엔딩 분기와 숨겨진 수집 요소를 정리해 주는 영상을 선호한다. 빠른 대전 실력보다 차분한 탐험, 퍼즐 해결, 캐릭터 성장 과정을 따라가며 게임의 디테일을 즐기는 편이다. 그래서 플레이 감상, 설정 해설, 공략형 리뷰를 오가며 보는 습관이 있다.",GAME
P09_keyword,P09,keyword,"신작 게임, 공략 영상, PC·모바일 테크, 하드웨어 리뷰, 업데이트 소식",GAME|TECH
P09_sentence,P09,sentence,"신작 게임과 공략, 그리고 PC·모바일 테크 리뷰를 자주 보는 편이다. 업데이트 소식과 하드웨어 비교처럼 실용적인 정보에 특히 관심이 많다.",GAME|TECH
P09_long,P09,long,"신작 게임 정보와 공략, 리뷰를 챙겨 보면서 어떤 작품을 해볼지 빠르게 판단하는 편이다. 동시에 PC·모바일 테크, 하드웨어 성능 비교, 앱 업데이트 같은 실용적인 콘텐츠도 즐긴다. 짧고 핵심만 정리된 영상이나 글을 선호하고, 직접 써볼 수 있는 팁이 들어간 콘텐츠에 반응이 좋다. 게임과 IT를 함께 다루는 채널이라면 오래 꾸준히 시청하는 스타일이다.",GAME|TECH
P10_keyword,P10,keyword,"데일리 메이크업, 피부관리 루틴, 신상 립, 헤어 스타일링, 뷰티 꿀팁",BEAUTY
P10_sentence,P10,sentence,"데일리 메이크업과 피부관리 루틴을 즐겨 보고, 신상 립이나 헤어 스타일링처럼 바로 따라 해볼 수 있는 뷰티 콘텐츠에 관심이 많다.",BEAUTY
P10_long,P10,long,"데일리 메이크업, 피부관리 루틴, 신상 립 소개처럼 실생활에 바로 적용할 수 있는 뷰티 콘텐츠를 자주 찾는다. 제품 후기나 비교 영상도 꼼꼼히 챙겨 보며, 효과와 사용감이 잘 드러나는 설명을 선호한다. 과한 연출보다 따라 하기 쉬운 팁과 전후 차이가 확실한 콘텐츠에 더 오래 머무는 편이다. 트렌디한 스타일도 좋아하지만, 결국은 일상에서 활용하기 좋은 정보 위주로 시청한다.",BEAUTY
P11_keyword,P11,keyword,"향수 리뷰,네일 아트,두피 케어,쿨톤 메이크업,브랜드 신상",BEAUTY
P11_sentence,P11,sentence,"향수와 네일처럼 디테일이 살아 있는 콘텐츠를 즐겨 보고, 쿨톤 메이크업이나 두피 케어처럼 자신에게 맞는 관리법을 찾아보는 편이다. 브랜드 신상과 비교 리뷰도 꼼꼼히 챙긴다.",BEAUTY
P11_long,P11,long,"이 사용자는 얼굴 전체를 바꾸는 메이크업보다 향수, 네일 아트, 두피 관리처럼 취향과 컨디션을 세밀하게 드러내는 콘텐츠에 관심이 많다. 쿨톤에 어울리는 색감이나 제품별 차이를 비교해 주는 리뷰를 특히 선호하며, 실제 사용감과 지속력처럼 판단에 도움이 되는 포인트를 자주 확인한다. 브랜드 신상은 단순한 소개보다 기존 제품과의 차이, 시즌별 분위기까지 함께 보여주는 영상에 더 오래 머문다. 직접 따라 하기보다는 고르는 기준을 얻는 방식으로 뷰티 콘텐츠를 소비하는 편이다.",BEAUTY
P12_keyword,P12,keyword,"데일리 메이크업,코디 팁,신상 리뷰,스타일링,뷰티 루틴",BEAUTY|FASHION
P12_sentence,P12,sentence,"데일리 메이크업과 스타일링 팁을 즐겨 보고, 신상 뷰티템과 옷 코디를 비교하며 고르는 편이다. 실용적이면서도 감각적인 콘텐츠를 선호한다.",BEAUTY|FASHION
P12_long,P12,long,"데일리 메이크업, 헤어/피부 관리 루틴, 계절별 스타일링 같은 실용적인 콘텐츠를 자주 챙겨본다. 신상 화장품이나 의류 리뷰는 성분, 발색, 착용감까지 비교해 보는 편이다. 과한 연출보다 따라 하기 쉬운 코디와 자연스러운 분위기를 선호하고, 짧은 팁 영상도 자주 저장한다.",BEAUTY|FASHION
P13_keyword,P13,keyword,"룩북, 데일리코디, 시즌 트렌드, 브랜드 추천, 액세서리",FASHION
P13_sentence,P13,sentence,"최신 스타일 감각이 잘 드러나는 룩북과 데일리 코디, 시즌별 트렌드 정리에 관심이 많다. 과하지 않으면서도 센스 있는 브랜드 추천과 액세서리 활용법을 즐겨 본다.",FASHION
P13_long,P13,long,"최신 패션 흐름을 빠르게 따라가며 룩북, 데일리 코디, 시즌 트렌드 정리 같은 콘텐츠를 자주 본다. 특정 브랜드의 신상 소개나 가격대별 추천처럼 실용적인 정보가 담긴 영상도 선호한다. 옷 자체뿐 아니라 가방, 신발, 액세서리까지 함께 매치해 보는 스타일링 팁에 관심이 많다. 전체적으로 과하지 않으면서도 감각적인 분위기의 콘텐츠를 오래 보는 편이다.",FASHION
P14_keyword,P14,keyword,"빈티지 스타일,테일러링,무신사 하울,컬러 매치,신발·가방",FASHION
P14_sentence,P14,sentence,"실루엣이 살아나는 코디와 소재감이 좋은 옷차림을 좋아하며, 빈티지 무드나 미니멀한 테일러링을 참고해 본다. 체형별 핏 비교와 실제 착용감이 보이는 콘텐츠를 선호한다.",FASHION
P14_long,P14,long,"이 사용자는 화려한 트렌드보다 실루엣과 디테일이 또렷한 스타일 콘텐츠를 즐겨 본다. 빈티지 감성의 자켓, 셔츠, 팬츠처럼 오래 입어도 질리지 않는 아이템 조합에 관심이 많다. 쇼핑 전에는 소재, 핏, 길이감이 잘 드러나는 착용 영상이나 비교형 콘텐츠를 꼼꼼히 확인한다. 옷 자체보다도 어떻게 입으면 균형이 살아나는지 보여주는 실용적인 코디를 자주 찾는다.",FASHION
P15_keyword,P15,keyword,"데일리룩, 신상 립제품, 헤어 스타일링, 계절별 코디, 메이크업 팁",FASHION|BEAUTY
P15_sentence,P15,sentence,"이 사용자는 데일리룩과 계절별 코디, 신상 뷰티템과 메이크업 팁을 즐겨 본다. 자연스럽게 따라 하기 쉬운 스타일링과 실용적인 추천 콘텐츠를 선호한다.",FASHION|BEAUTY
P15_long,P15,long,"이 사용자는 데일리룩, 계절별 코디, 신상 립제품이나 베이스 메이크업처럼 바로 써볼 수 있는 패션·뷰티 콘텐츠에 관심이 많다. 과하게 꾸민 연출보다 일상에 적용하기 쉬운 스타일링 팁과 전후 비교, 제품 리뷰를 자주 찾는 편이다. 특히 헤어 스타일링이나 메이크업 튜토리얼처럼 따라 하면서 변화를 확인할 수 있는 영상에 반응한다. 최신 트렌드도 보되, 실제 착용감과 사용감까지 꼼꼼히 보는 취향이다.",FASHION|BEAUTY
P16_keyword,P16,keyword,"숨은 여행지,국내외 로드트립,현지 맛집,여행 브이로그,숙소 리뷰",TRAVEL
P16_sentence,P16,sentence,"사람 붐비는 명소보다 숨은 여행지와 현지 분위기를 담은 콘텐츠를 좋아한다. 여행 경로, 맛집, 숙소까지 실용적으로 정리된 영상에 특히 끌린다.",TRAVEL
P16_long,P16,long,"이 사용자는 여행을 주제로 한 영상에서 풍경 감상뿐 아니라 실제로 따라 해볼 수 있는 정보까지 함께 얻는 편이다. 유명 관광지보다 현지인 추천 코스, 골목 맛집, 숙소 후기처럼 실용적인 콘텐츠를 선호한다. 국내외 로드트립이나 도시별 여행 브이로그를 보며 일정 짜는 감각을 얻고, 저장해 두었다가 다음 여행 계획에 활용하는 시청 습관이 있다. 분위기 좋은 장면과 함께 이동 동선, 비용, 꿀팁을 정리해 주는 스타일을 특히 좋아한다.",TRAVEL
P17_keyword,P17,keyword,"작은 마을,계절 풍경,걷기 코스,로컬 식당,기차 여행",TRAVEL
P17_sentence,P17,sentence,유명 관광지보다 한적한 마을과 계절감이 살아 있는 풍경을 따라가는 여행 콘텐츠를 선호한다. 이동 동선이 자연스럽고 현지의 일상이 느껴지는 영상에 오래 머문다.,TRAVEL
P17_long,P17,long,"이 사용자는 북적이는 명소보다 차분하게 걷고 머물 수 있는 여행지 이야기에 관심이 크다. 기차나 버스로 이동하며 창밖 풍경이 바뀌는 장면, 골목 산책, 계절별 자연색이 잘 담긴 콘텐츠를 자주 본다. 숙소나 맛집을 딱딱하게 비교하기보다 현지의 생활 리듬과 분위기를 천천히 보여주는 영상에 더 끌린다. 여행을 볼 때도 빠른 정보보다 여유 있는 동선과 감성적인 장면 구성이 중요하다.",TRAVEL
P18_keyword,P18,keyword,"현지 맛집,여행 브이로그,골목 식당,로컬 시장,먹거리 탐방",TRAVEL|FOOD
P18_sentence,P18,sentence,"여행지의 풍경만큼 현지 음식과 식당 분위기를 중요하게 보는 편이다. 맛집 탐방, 시장 먹거리, 여행 브이로그를 함께 즐긴다.",TRAVEL|FOOD
P18_long,P18,long,"이 사용자는 여행을 할 때 그 지역의 음식과 식문화를 함께 즐기는 콘텐츠를 선호한다. 유명 관광지만 보는 영상보다 골목 식당, 로컬 시장, 현지인들이 자주 찾는 맛집이 나오는 브이로그에 더 끌린다. 여행 동선과 함께 메뉴 추천, 가격대, 주문 팁까지 알려주는 구성을 좋아하며, 보는 김에 다음 여행 계획까지 떠올리는 편이다.",TRAVEL|FOOD
P19_keyword,P19,keyword,"신곡 탐색, 플레이리스트, 라이브 무대, 장르 비교, 아티스트 인터뷰",MUSIC
P19_sentence,P19,sentence,"새로운 곡과 아티스트를 빠르게 찾아 듣고, 플레이리스트와 라이브 무대를 함께 즐기는 편이다. 장르별 차이와 음악적 개성을 비교하며 취향을 넓혀 간다.",MUSIC
P19_long,P19,long,"새로 나온 음악을 빠르게 확인하고, 마음에 드는 곡은 바로 플레이리스트에 담아 반복해서 듣는 편이다. 음원뿐 아니라 라이브 공연 영상과 아티스트 인터뷰도 함께 챙기며 음악의 분위기와 해석을 같이 즐긴다. 장르가 다른 곡들을 비교해 듣는 것을 좋아해서, 익숙한 스타일과 새로운 스타일을 번갈아 탐색하는 습관이 있다.",MUSIC
P20_keyword,P20,keyword,"인디 싱어송라이터,가사 해석,음색 비교,어쿠스틱 라이브,음반 리뷰",MUSIC
P20_sentence,P20,sentence,"잔잔한 어쿠스틱 편곡과 서정적인 가사를 좋아하며, 가수의 음색과 해석 차이를 꼼꼼히 듣는 편이다. 공연 실황보다 스튜디오 음원에서 섬세한 디테일을 즐긴다.",MUSIC
P20_long,P20,long,"이 사용자는 음악을 들을 때 멜로디보다 가사와 보컬의 결을 먼저 살피는 편이다. 인디 싱어송라이터나 잔잔한 어쿠스틱 사운드처럼 분위기가 또렷한 곡을 선호하고, 한 곡을 반복해서 들으며 표현의 뉘앙스를 비교한다. 추천을 받을 때도 최신 유행보다는 앨범 흐름과 곡의 이야기성이 중요한 편이다. 영상으로는 라이브보다 녹음 완성도가 높은 스튜디오 음원을 자주 찾아 듣는다.",MUSIC
P21_keyword,P21,keyword,"음악 추천,가사 해석,음악 이론,아티스트 이야기,공부 콘텐츠",MUSIC|KNOWLEDGE
P21_sentence,P21,sentence,"음악을 즐기면서도 곡의 배경과 구조를 이해하는 콘텐츠를 좋아한다. 가사 해석, 음악 이론, 아티스트의 성장 이야기처럼 듣는 재미와 배우는 재미가 함께 있는 흐름에 끌린다.",MUSIC|KNOWLEDGE
P21_long,P21,long,"이 사용자는 음악을 단순히 듣는 데서 끝내지 않고, 곡의 의미와 제작 과정을 함께 살펴보는 콘텐츠를 선호한다. 가사 해석, 장르별 특징, 악기 구성, 작곡 비하인드처럼 배경 지식을 넓혀주는 영상에 특히 반응한다. 또 아티스트 인터뷰나 음악사 이야기처럼 재미와 학습 요소가 함께 있는 콘텐츠를 자주 찾는다. 새로운 곡을 접할 때도 추천 이유나 분석이 곁들여진 형식을 더 오래 시청하는 편이다.",MUSIC|KNOWLEDGE
P22_keyword,P22,keyword,"강아지 일상,고양이 케어,반려동물 용품,훈련 팁,펫 건강",PET
P22_sentence,P22,sentence,"강아지와 고양이의 일상, 돌봄 방법, 건강 관리에 관심이 많다. 반려동물 용품 후기나 훈련 팁처럼 바로 써볼 수 있는 정보를 선호한다.",PET
P22_long,P22,long,"강아지와 고양이의 귀여운 일상 영상뿐 아니라, 실제로 도움이 되는 돌봄 정보와 건강 관리 콘텐츠를 자주 찾는다. 사료 선택, 산책 습관, 배변 훈련 같은 생활 밀착형 팁에 관심이 높다. 반려동물 용품 리뷰나 비교 영상도 꼼꼼히 보는 편이며, 실제 사용 경험이 담긴 콘텐츠를 신뢰한다. 너무 자극적인 내용보다는 편안하고 유용한 반려 생활 정보에 오래 머무는 편이다.",PET
P23_keyword,P23,keyword,"소동물 관찰, 고양이 행동, 반려동물 먹거리, 이동장 팁, 집안 적응",PET
P23_sentence,P23,sentence,"이 사용자는 강아지·고양이 정보보다 토끼, 햄스터, 새처럼 작은 반려동물의 생활과 행동을 유심히 본다. 먹이 선택, 케이지 구성, 집안 적응처럼 실제로 환경을 바꿔보는 콘텐츠를 좋아한다.",PET
P23_long,P23,long,"이 사용자는 반려동물 중에서도 소동물과 특수 반려동물의 습성과 돌봄 방식에 관심이 많다. 특히 먹이, 은신처, 온도·습도 같은 생활 환경을 어떻게 맞추는지 보여주는 영상이나 글을 자주 찾는다. 단순한 후기보다 실제 사육 공간을 어떻게 꾸몄는지, 어떤 변화가 반응을 바꿨는지 같은 관찰형 콘텐츠를 선호한다. 짧게 핵심만 정리된 팁도 좋지만, 상황별 비교와 실패 경험이 담긴 콘텐츠를 더 오래 보는 편이다.",PET
P24_keyword,P24,keyword,"강아지 산책, 고양이 돌봄, 반려동물 동반 여행, 펫프렌들리 숙소, 여행 브이로그",PET|TRAVEL
P24_sentence,P24,sentence,반려동물과 함께하는 일상과 여행 콘텐츠를 즐긴다. 강아지·고양이 돌봄 팁부터 펫프렌들리 숙소와 이동 팁까지 실용적인 정보를 선호한다.,PET|TRAVEL
P24_long,P24,long,"반려동물과 함께하는 생활을 중심으로, 산책 루틴이나 돌봄 팁처럼 바로 써먹을 수 있는 콘텐츠를 자주 찾는다. 여행에서는 펫프렌들리 숙소, 동반 이동 방법, 지역별 맛집과 산책 코스처럼 반려동물과 함께 즐길 수 있는 정보를 선호한다. 실제 후기나 브이로그처럼 현장감 있는 영상에 끌리고, 준비 과정부터 현지에서의 모습까지 자연스럽게 보여주는 스타일을 좋아한다. 과장된 정보보다 현실적인 팁과 이동 동선을 꼼꼼히 알려주는 콘텐츠를 오래 본다.",PET|TRAVEL
P25_keyword,P25,keyword,"신기기 리뷰,앱 추천,AI 도구,생산성 팁,코딩 입문",TECH
P25_sentence,P25,sentence,"새로운 기기와 앱을 빠르게 살펴보고, 일상에 바로 써먹을 수 있는 AI 도구나 생산성 팁을 즐겨 본다. 코딩 입문 콘텐츠와 기술 트렌드 해설도 선호한다.",TECH
P25_long,P25,long,"새로운 스마트폰, 노트북, 웨어러블 같은 신기기 리뷰를 꼼꼼히 챙겨 보고, 실사용 관점의 장단점 비교 콘텐츠를 좋아한다. 앱 추천이나 AI 도구 소개처럼 바로 적용할 수 있는 실용 정보에 특히 반응한다. 복잡한 기술도 쉽게 풀어주는 트렌드 해설, 초보자도 따라 하기 쉬운 코딩 입문 영상까지 자주 시청하는 편이다. 정보를 빠르게 훑은 뒤 필요한 내용은 다시 찾아보는 식으로 콘텐츠를 소비한다.",TECH
P26_keyword,P26,keyword,"오픈소스,개발자 도구,보안 이슈,클라우드 서비스,해외 기술 리뷰",TECH
P26_sentence,P26,sentence,"새 기능보다 실제로 어떻게 쓰는지 보여주는 개발자 도구와 서비스 비교 콘텐츠를 좋아한다. 요즘은 오픈소스 프로젝트 소개, 보안 사고 분석, 클라우드 활용 사례를 자주 챙겨 본다.",TECH
P26_long,P26,long,"이 사용자는 기술 자체의 화제성보다 실무에서 어떤 차이가 나는지 짚어 주는 콘텐츠에 끌린다. 개발자 도구나 협업 서비스의 장단점을 비교하거나, 오픈소스 프로젝트를 실제 사례와 함께 풀어 주는 영상을 즐겨 본다. 또 보안 이슈나 클라우드 운영 방식처럼 현업에 바로 연결되는 이야기를 선호한다. 짧고 밀도 높은 리뷰를 여러 개 빠르게 훑으며, 필요할 때만 깊게 파고드는 시청 습관이 있다.",TECH
P27_keyword,P27,keyword,"신작 리뷰, 하드웨어, 게임 공략, 업데이트 소식, 사용기",TECH|GAME
P27_sentence,P27,sentence,"신제품과 최신 업데이트를 빠르게 챙기고, 게임은 공략과 리뷰를 통해 직접 써볼 만한 정보를 찾는 편이다. 실사용 기준의 비교와 추천을 특히 선호한다.",TECH|GAME
P27_long,P27,long,"신제품 발표, 성능 비교, 사용 후기처럼 실제로 도움이 되는 테크 콘텐츠를 즐겨 본다. 게임 쪽에서는 신작 리뷰, 공략, 패치 노트 정리처럼 플레이에 바로 연결되는 정보를 선호한다. 영상은 길게 설명하기보다 핵심을 빠르게 짚어 주는 구성을 좋아하고, 업데이트나 이슈가 생기면 바로 확인하는 편이다. 최신 흐름을 놓치지 않으면서도 실사용 관점의 판단 근거를 얻는 시청 습관이 있다.",TECH|GAME
P28_keyword,P28,keyword,"공부법, 교양지식, 과학 상식, 역사 이야기, 읽을거리",KNOWLEDGE
P28_sentence,P28,sentence,새로운 지식을 쉽게 풀어주는 강의와 교양 콘텐츠를 즐긴다. 짧고 명확한 설명으로 핵심을 잡아주는 영상에 특히 끌린다.,KNOWLEDGE
P28_long,P28,long,"새로운 개념을 쉽고 재밌게 설명하는 콘텐츠를 좋아한다. 과학, 역사, 심리처럼 일상에서 바로 연결되는 교양 지식을 자주 찾아본다. 너무 길기보다 핵심을 빠르게 정리해 주는 강의형 영상이나 요약 콘텐츠를 선호한다. 복잡한 주제도 비유와 예시가 많은 설명이면 끝까지 시청하는 편이다.",KNOWLEDGE
P29_keyword,P29,keyword,"교양 해설, 학습 팁, 사고법, 역사 이야기, 과학 상식",KNOWLEDGE
P29_sentence,P29,sentence,복잡한 내용을 일상어로 풀어주는 해설형 콘텐츠를 좋아한다. 핵심을 빠르게 짚어 주면서도 생각거리를 남기는 영상에 특히 반응한다.,KNOWLEDGE
P29_long,P29,long,"이 사용자는 지식을 전달하는 방식에서 친절하고 정돈된 구성을 선호한다. 개념을 나열하기보다 사례와 비유를 섞어 이해를 돕는 콘텐츠를 자주 찾는다. 한 주제를 짧게 끝내기보다 맥락까지 이어 주는 설명을 좋아해, 시청 후에도 내용을 다시 곱씹는 편이다. 정보의 양보다 이해의 깊이를 중시하며, 메모해 두고 나중에 다시 보는 습관이 있다.",KNOWLEDGE
P30_keyword,P30,keyword,"AI 강의, 코딩 입문, 최신 기술 트렌드, 생산성 도구, 데이터 분석",KNOWLEDGE|TECH
P30_sentence,P30,sentence,"새로운 기술을 쉽게 풀어주는 강의와 실무에 바로 쓰는 IT 콘텐츠를 좋아한다. 코딩 입문부터 AI, 데이터 분석까지 빠르게 핵심을 익히는 스타일이다.",KNOWLEDGE|TECH
P30_long,P30,long,"새로운 기술을 빠르게 따라가며 핵심만 정리해 주는 지식형 콘텐츠를 선호한다. 코딩 입문, AI 활용법, 데이터 분석처럼 실무에 바로 연결되는 주제에 특히 관심이 많다. 설명이 깔끔하고 예시가 풍부한 강의나 튜토리얼을 자주 보며, 복잡한 개념도 쉽게 풀어주는 콘텐츠를 선호한다. 트렌드 업데이트와 함께 바로 써먹을 수 있는 팁을 얻는 시청 습관이 있다.",KNOWLEDGE|TECH
